station_name_x,native_id,variable,db_var_match,earliest_time_raw,latest_time_raw,station_name_y,earliest_time_db,latest_time_db,earliest_diff_days,latest_diff_days
Atlin School,AtlSch,Rain,Rainmm,2010-08-20 19:00:00,2024-08-10 19:00:00,Atlin School,2010-08-20 20:00:00,2024-08-10 19:00:00,-1.0,0.0
Atlin School,AtlSch,DewPt,DewPtC,2010-08-20 19:00:00,2024-08-10 19:00:00,Atlin School,2011-07-28 09:00:00,2024-08-10 19:00:00,-342.0,0.0
Atlin School,AtlSch,Wind Speed,WindSpeedms,2010-08-20 19:00:00,2024-08-10 19:00:00,Atlin School,2010-08-20 19:00:00,2024-08-10 19:00:00,0.0,0.0
Atlin School,AtlSch,Gust Speed,GustSpeedms,2010-08-20 19:00:00,2024-08-10 19:00:00,Atlin School,2010-08-20 19:00:00,2024-08-10 19:00:00,0.0,0.0
Atlin School,AtlSch,Wind Direction,WindDirection,2010-08-20 19:00:00,2024-08-10 19:00:00,Atlin School,2010-08-20 19:00:00,2024-08-10 19:00:00,0.0,0.0
Atlin School,AtlSch,Solar Radiation,SolarRadiationWm,2010-08-20 19:00:00,2024-08-10 19:00:00,Atlin School,2010-08-20 19:00:00,2024-08-10 19:00:00,0.0,0.0
Atlin School,AtlSch,RH,RH,2010-08-20 19:00:00,2024-08-10 19:00:00,Atlin School,2011-07-28 09:00:00,2024-08-10 19:00:00,-342.0,0.0
BarrenWx,Barren,Water Content,Water_Content_m3_m3_15_cm,2021-07-09 12:00:00,2024-10-03 11:00:00,BarrenWx,2021-07-09 12:00:00,2024-10-03 11:00:00,0.0,0.0
BarrenWx,Barren,Water Content,Water_Content_m3_m3_5_cm,2021-07-09 12:00:00,2024-10-03 11:00:00,BarrenWx,2021-07-09 12:00:00,2024-10-03 11:00:00,0.0,0.0
BarrenWx,Barren,Water Content,Water_Content_m3_m3_30_cm,2021-07-09 12:00:00,2024-10-03 11:00:00,BarrenWx,2021-07-09 12:00:00,2024-10-03 11:00:00,0.0,0.0
BarrenWx,Barren,Rain,Rainmm,2021-07-09 12:00:00,2024-10-03 11:00:00,BarrenWx,2021-07-09 13:00:00,2024-10-03 11:00:00,-1.0,0.0
BarrenWx,Barren,Pressure,Pressurembar,2021-07-09 12:00:00,2024-10-03 11:00:00,BarrenWx,2021-07-09 12:00:00,2024-10-03 11:00:00,0.0,0.0
BarrenWx,Barren,RH,RH,2021-07-09 12:00:00,2024-10-03 11:00:00,BarrenWx,2021-07-09 12:00:00,2024-10-03 11:00:00,0.0,0.0
BarrenWx,Barren,DewPt,DewPtC,2021-07-09 12:00:00,2024-10-03 11:00:00,BarrenWx,2021-07-09 12:00:00,2024-10-03 11:00:00,0.0,0.0
BarrenWx,Barren,Soil Temp,Soil_Temp,2021-07-09 12:00:00,2024-10-03 11:00:00,BarrenWx,2021-07-09 12:00:00,2024-10-03 11:00:00,0.0,0.0
BarrenWx,Barren,Wind Speed,WindSpeedms,2021-07-09 12:00:00,2024-10-03 11:00:00,BarrenWx,2021-07-09 12:00:00,2024-10-03 11:00:00,0.0,0.0
BarrenWx,Barren,Gust Speed,GustSpeedms,2021-07-09 12:00:00,2024-10-03 11:00:00,BarrenWx,2021-07-09 12:00:00,2024-10-03 11:00:00,0.0,0.0
BarrenWx,Barren,Wind Direction,WindDirection,2021-07-09 12:00:00,2024-10-03 11:00:00,BarrenWx,2021-07-09 12:00:00,2024-10-03 11:00:00,0.0,0.0
BarrenWx,Barren,Solar Radiation,SolarRadiationWm,2021-07-09 12:00:00,2024-10-03 11:00:00,BarrenWx,2021-07-09 12:00:00,2024-10-03 11:00:00,0.0,0.0
BarrenWx,Barren,Temp,TempC,2021-07-09 12:00:00,2024-10-03 11:00:00,BarrenWx,2021-07-09 12:00:00,2024-10-03 11:00:00,0.0,0.0
BlackhawkWx,Blackhawk,Soil Temp,Soil_Temp,2012-05-24 13:00:00,2025-01-07 10:00:00,Blackhawk,2024-07-18 10:00:00,2025-01-07 10:00:00,-4438.0,0.0
BlackhawkWx,Blackhawk,Rain,Rainmm,2012-05-24 13:00:00,2025-01-07 10:00:00,Blackhawk,2012-05-24 14:00:00,2025-01-07 10:00:00,-1.0,0.0
BlackhawkWx,Blackhawk,Water Content,Water_Content_m3_m3_15_cm,2012-05-24 13:00:00,2025-01-07 10:00:00,Blackhawk,2017-07-27 12:00:00,2025-01-07 10:00:00,-1890.0,0.0
BlackhawkWx,Blackhawk,Pressure,Pressurembar,2012-05-24 13:00:00,2025-01-07 10:00:00,Blackhawk,2012-05-24 13:00:00,2025-01-07 10:00:00,0.0,0.0
BlackhawkWx,Blackhawk,Solar Radiation,SolarRadiationWm,2012-05-24 13:00:00,2025-01-07 10:00:00,Blackhawk,2012-05-24 13:00:00,2025-01-07 10:00:00,0.0,0.0
BlackhawkWx,Blackhawk,RH,RH,2012-05-24 13:00:00,2025-01-07 10:00:00,Blackhawk,2012-05-24 13:00:00,2025-01-07 10:00:00,0.0,0.0
BlackhawkWx,Blackhawk,DewPt,DewPtC,2012-05-24 13:00:00,2025-01-07 10:00:00,Blackhawk,2012-05-24 13:00:00,2025-01-07 10:00:00,0.0,0.0
BlackhawkWx,Blackhawk,Wind Speed,WindSpeedms,2012-05-24 13:00:00,2025-01-07 10:00:00,Blackhawk,2012-05-24 13:00:00,2025-01-07 10:00:00,0.0,0.0
BlackhawkWx,Blackhawk,Gust Speed,GustSpeedms,2012-05-24 13:00:00,2025-01-07 10:00:00,Blackhawk,2012-05-24 13:00:00,2025-01-07 10:00:00,0.0,0.0
BlackhawkWx,Blackhawk,Wind Direction,WindDirection,2012-05-24 13:00:00,2025-01-07 10:00:00,Blackhawk,2012-05-24 13:00:00,2025-01-07 10:00:00,0.0,0.0
BlackhawkWx,Blackhawk,Snow depth,Snow_Depth,2012-05-24 13:00:00,2025-01-07 10:00:00,Blackhawk,2016-10-26 14:00:00,2025-01-07 10:00:00,-1617.0,0.0
BlackhawkWx,Blackhawk,Temp,TempC,2012-05-24 13:00:00,2025-01-07 10:00:00,Blackhawk,2012-05-24 13:00:00,2025-01-07 10:00:00,0.0,0.0
BoulderWx,Boulder Creek,Temp,TempC,2010-06-07 13:00:00,2024-08-07 08:00:00,,,,,
BoulderWx,Boulder Creek,Soil Temp,Soil_Temp,2010-06-07 13:00:00,2024-08-07 08:00:00,,,,,
BoulderWx,Boulder Creek,DewPt,DewPtC,2010-06-07 13:00:00,2024-08-07 08:00:00,,,,,
BoulderWx,Boulder Creek,Rain,Rainmm,2010-06-07 13:00:00,2024-08-07 08:00:00,,,,,
BoulderWx,Boulder Creek,Pressure,Pressurembar,2010-06-07 13:00:00,2024-08-07 08:00:00,,,,,
BoulderWx,Boulder Creek,Wetness,Wetness,2010-06-07 13:00:00,2024-08-07 08:00:00,,,,,
BoulderWx,Boulder Creek,Solar Radiation,SolarRadiationWm,2010-06-07 13:00:00,2024-08-07 08:00:00,,,,,
BoulderWx,Boulder Creek,Wind Direction,WindDirection,2010-06-07 13:00:00,2024-08-07 08:00:00,,,,,
BoulderWx,Boulder Creek,Gust Speed,GustSpeedms,2010-06-07 13:00:00,2024-08-07 08:00:00,,,,,
BoulderWx,Boulder Creek,Wind Speed,WindSpeedms,2010-06-07 13:00:00,2024-08-07 08:00:00,,,,,
BoulderWx,Boulder Creek,RH,RH,2010-06-07 13:00:00,2024-08-07 08:00:00,,,,,
BoulderWx,Boulder Creek,Water Content,Water_Content_m3_m3_15_cm,2010-06-07 13:00:00,2024-08-07 08:00:00,,,,,
BowronPit,BowronPit,Soil Temp,Soil_Temp,2018-08-29 15:00:00,2025-01-07 11:00:00,Bowron Pit,2024-10-16 14:00:00,2025-01-07 11:00:00,-2240.0,0.0
BowronPit,BowronPit,Water Content,Water_Content_m3_m3_15_cm,2018-08-29 15:00:00,2025-01-07 11:00:00,Bowron Pit,2018-09-13 12:00:00,2025-01-07 11:00:00,-15.0,0.0
BowronPit,BowronPit,Solar Radiation,SolarRadiationWm,2018-08-29 15:00:00,2025-01-07 11:00:00,Bowron Pit,2018-09-13 12:00:00,2025-01-07 11:00:00,-15.0,0.0
BowronPit,BowronPit,Rain,Rainmm,2018-08-29 15:00:00,2025-01-07 11:00:00,Bowron Pit,2018-09-13 13:00:00,2025-01-07 11:00:00,-15.0,0.0
BowronPit,BowronPit,Pressure,Pressurembar,2018-08-29 15:00:00,2025-01-07 11:00:00,Bowron Pit,2018-09-13 12:00:00,2025-01-07 11:00:00,-15.0,0.0
BowronPit,BowronPit,Temp,TempC,2018-08-29 15:00:00,2025-01-07 11:00:00,Bowron Pit,2018-08-29 15:00:00,2025-01-07 11:00:00,0.0,0.0
BowronPit,BowronPit,RH,RH,2018-08-29 15:00:00,2025-01-07 11:00:00,Bowron Pit,2018-08-29 15:00:00,2025-01-07 11:00:00,0.0,0.0
BowronPit,BowronPit,DewPt,DewPtC,2018-08-29 15:00:00,2025-01-07 11:00:00,Bowron Pit,2018-09-13 12:00:00,2025-01-07 11:00:00,-15.0,0.0
BowronPit,BowronPit,Wind Speed,WindSpeedms,2018-08-29 15:00:00,2025-01-07 11:00:00,Bowron Pit,2018-09-13 12:00:00,2025-01-07 11:00:00,-15.0,0.0
BowronPit,BowronPit,Gust Speed,GustSpeedms,2018-08-29 15:00:00,2025-01-07 11:00:00,Bowron Pit,2018-09-13 12:00:00,2025-01-07 11:00:00,-15.0,0.0
BowronPit,BowronPit,Snow depth,Snow_Depth,2018-08-29 15:00:00,2025-01-07 11:00:00,Bowron Pit,2019-11-01 12:00:00,2025-01-07 11:00:00,-429.0,0.0
BowronPit,BowronPit,Wind Direction,WindDirection,2018-08-29 15:00:00,2025-01-07 11:00:00,Bowron Pit,2018-09-13 12:00:00,2025-01-07 11:00:00,-15.0,0.0
BulkleyWx,PGTIS1,Gust Speed,GustSpeedms,2007-07-31 13:00:00,2024-10-24 11:00:00,BulkleyWx,2023-10-17 11:00:00,2024-10-24 11:00:00,-5922.0,0.0
BulkleyWx,PGTIS1,Rain,Rainmm,2007-07-31 13:00:00,2024-10-24 11:00:00,BulkleyWx,2023-10-17 12:00:00,2024-10-24 11:00:00,-5922.0,0.0
BulkleyWx,PGTIS1,Pressure,Pressurembar,2007-07-31 13:00:00,2024-10-24 11:00:00,BulkleyWx,2023-10-17 11:00:00,2024-10-24 11:00:00,-5922.0,0.0
BulkleyWx,PGTIS1,Temp,TempC,2007-07-31 13:00:00,2024-10-24 11:00:00,BulkleyWx,2023-10-17 11:00:00,2024-10-24 11:00:00,-5922.0,0.0
BulkleyWx,PGTIS1,RH,RH,2007-07-31 13:00:00,2024-10-24 11:00:00,BulkleyWx,2023-10-17 11:00:00,2024-10-24 11:00:00,-5922.0,0.0
BulkleyWx,PGTIS1,Wetness,Wetness,2007-07-31 13:00:00,2024-10-24 11:00:00,BulkleyWx,2023-10-17 11:00:00,2024-10-24 11:00:00,-5922.0,0.0
BulkleyWx,PGTIS1,Solar Radiation,SolarRadiationWm,2007-07-31 13:00:00,2024-10-24 11:00:00,BulkleyWx,2023-10-17 11:00:00,2024-10-24 11:00:00,-5922.0,0.0
BulkleyWx,PGTIS1,Wind Direction,WindDirection,2007-07-31 13:00:00,2024-10-24 11:00:00,BulkleyWx,2023-10-17 11:00:00,2024-10-24 11:00:00,-5922.0,0.0
BulkleyWx,PGTIS1,Wind Speed,WindSpeedms,2007-07-31 13:00:00,2024-10-24 11:00:00,BulkleyWx,2023-10-17 11:00:00,2024-10-24 11:00:00,-5922.0,0.0
BulkleyWx,PGTIS1,DewPt,DewPtC,2007-07-31 13:00:00,2024-10-24 11:00:00,BulkleyWx,2023-10-17 11:00:00,2024-10-24 11:00:00,-5922.0,0.0
CPFWx,PGTIS3,RH,RH,2007-08-09 14:00:00,2024-10-24 08:00:00,CPFWx,2023-10-17 09:00:00,2024-10-24 08:00:00,-5913.0,0.0
CPFWx,PGTIS3,Rain,Rainmm,2007-08-09 14:00:00,2024-10-24 08:00:00,CPFWx,2023-10-17 10:00:00,2024-10-24 08:00:00,-5913.0,0.0
CPFWx,PGTIS3,Pressure,Pressurembar,2007-08-09 14:00:00,2024-10-24 08:00:00,CPFWx,2023-10-17 09:00:00,2024-10-24 08:00:00,-5913.0,0.0
CPFWx,PGTIS3,Temp,TempC,2007-08-09 14:00:00,2024-10-24 08:00:00,CPFWx,2023-10-17 09:00:00,2024-10-24 08:00:00,-5913.0,0.0
CPFWx,PGTIS3,DewPt,DewPtC,2007-08-09 14:00:00,2024-10-24 08:00:00,CPFWx,2023-10-17 09:00:00,2024-10-24 08:00:00,-5913.0,0.0
CPFWx,PGTIS3,Wind Speed,WindSpeedms,2007-08-09 14:00:00,2024-10-24 08:00:00,CPFWx,2023-10-17 09:00:00,2024-10-24 08:00:00,-5913.0,0.0
CPFWx,PGTIS3,Gust Speed,GustSpeedms,2007-08-09 14:00:00,2024-10-24 08:00:00,CPFWx,2023-10-17 09:00:00,2024-10-24 08:00:00,-5913.0,0.0
CPFWx,PGTIS3,Wind Direction,WindDirection,2007-08-09 14:00:00,2024-10-24 08:00:00,CPFWx,2023-10-17 09:00:00,2024-10-24 08:00:00,-5913.0,0.0
CPFWx,PGTIS3,Solar Radiation,SolarRadiationWm,2007-08-09 14:00:00,2024-10-24 08:00:00,CPFWx,2023-10-17 09:00:00,2024-10-24 08:00:00,-5913.0,0.0
CPFWx,PGTIS3,Wetness,Wetness,2007-08-09 14:00:00,2024-10-24 08:00:00,CPFWx,2023-10-17 09:00:00,2024-10-24 08:00:00,-5913.0,0.0
Canoe Mountain Stn,Canoe Mountain Stn,Wind Direction,WindDirection,2012-03-22 11:00:00,2025-01-07 12:00:00,Canoe Mountain Stn,2024-01-05 11:00:00,2025-01-07 12:00:00,-4306.0,0.0
Canoe Mountain Stn,Canoe Mountain Stn,Pressure,Pressurembar,2012-03-22 11:00:00,2025-01-07 12:00:00,Canoe Mountain Stn,2024-01-05 11:00:00,2025-01-07 12:00:00,-4306.0,0.0
Canoe Mountain Stn,Canoe Mountain Stn,Temp,TempC,2012-03-22 11:00:00,2025-01-07 12:00:00,Canoe Mountain Stn,2024-01-05 11:00:00,2025-01-07 12:00:00,-4306.0,0.0
Canoe Mountain Stn,Canoe Mountain Stn,RH,RH,2012-03-22 11:00:00,2025-01-07 12:00:00,Canoe Mountain Stn,2024-01-05 11:00:00,2025-01-07 12:00:00,-4306.0,0.0
Canoe Mountain Stn,Canoe Mountain Stn,DewPt,DewPtC,2012-03-22 11:00:00,2025-01-07 12:00:00,Canoe Mountain Stn,2024-01-05 11:00:00,2025-01-07 12:00:00,-4306.0,0.0
Canoe Mountain Stn,Canoe Mountain Stn,Wind Speed,WindSpeedms,2012-03-22 11:00:00,2025-01-07 12:00:00,Canoe Mountain Stn,2024-01-05 11:00:00,2025-01-07 12:00:00,-4306.0,0.0
Canoe Mountain Stn,Canoe Mountain Stn,Solar Radiation,SolarRadiationWm,2012-03-22 11:00:00,2025-01-07 12:00:00,Canoe Mountain Stn,2024-01-05 11:00:00,2025-01-07 12:00:00,-4306.0,0.0
Canoe Mountain Stn,Canoe Mountain Stn,Gust Speed,GustSpeedms,2012-03-22 11:00:00,2025-01-07 12:00:00,Canoe Mountain Stn,2024-01-05 11:00:00,2025-01-07 12:00:00,-4306.0,0.0
Canoe Mountain Stn,Canoe Mountain Stn,Rain,Rainmm,2012-03-22 11:00:00,2025-01-07 12:00:00,Canoe Mountain Stn,2024-01-05 11:00:00,2025-01-07 12:00:00,-4306.0,0.0
Caribou Pass,CaribouPass,Solar Radiation,SolarRadiationWm,2023-08-04 11:00:00,2025-01-07 14:00:00,Caribou Pass,2024-01-05 12:00:00,2025-01-07 14:00:00,-155.0,0.0
Caribou Pass,CaribouPass,Wind Direction,WindDirection,2023-08-04 11:00:00,2025-01-07 14:00:00,Caribou Pass,2024-01-05 12:00:00,2025-01-07 14:00:00,-155.0,0.0
Caribou Pass,CaribouPass,Gust Speed,GustSpeedms,2023-08-04 11:00:00,2025-01-07 14:00:00,Caribou Pass,2024-01-05 12:00:00,2025-01-07 14:00:00,-155.0,0.0
Caribou Pass,CaribouPass,Wind Speed,WindSpeedms,2023-08-04 11:00:00,2025-01-07 14:00:00,Caribou Pass,2024-01-05 12:00:00,2025-01-07 14:00:00,-155.0,0.0
Caribou Pass,CaribouPass,DewPt,DewPtC,2023-08-04 11:00:00,2025-01-07 14:00:00,Caribou Pass,2024-08-08 12:00:00,2025-01-07 14:00:00,-371.0,0.0
Caribou Pass,CaribouPass,RH,RH,2023-08-04 11:00:00,2025-01-07 14:00:00,Caribou Pass,2024-08-08 12:00:00,2025-01-07 14:00:00,-371.0,0.0
Caribou Pass,CaribouPass,Temp,TempC,2023-08-04 11:00:00,2025-01-07 14:00:00,Caribou Pass,2024-08-08 12:00:00,2025-01-07 14:00:00,-371.0,0.0
Caribou Pass,CaribouPass,Pressure,Pressurembar,2023-08-04 11:00:00,2025-01-07 14:00:00,Caribou Pass,2024-01-05 12:00:00,2025-01-07 14:00:00,-155.0,0.0
Caribou Pass,CaribouPass,Rain,Rainmm,2023-08-04 11:00:00,2025-01-07 14:00:00,Caribou Pass,2024-01-05 12:00:00,2025-01-07 14:00:00,-155.0,0.0
ChapmanWx,Chapman,Water Content,Water_Content_m3_m3_15_cm,2021-07-08 12:00:00,2024-10-03 14:00:00,ChapmanWx,2021-07-08 12:00:00,2024-10-03 14:00:00,0.0,0.0
ChapmanWx,Chapman,Water Content,Water_Content_m3_m3_5_cm,2021-07-08 12:00:00,2024-10-03 14:00:00,ChapmanWx,2021-07-08 12:00:00,2024-10-03 14:00:00,0.0,0.0
ChapmanWx,Chapman,Water Content,Water_Content_m3_m3_30_cm,2021-07-08 12:00:00,2024-10-03 14:00:00,ChapmanWx,2021-07-08 12:00:00,2024-10-03 14:00:00,0.0,0.0
ChapmanWx,Chapman,Soil Temp,Soil_Temp,2021-07-08 12:00:00,2024-10-03 14:00:00,ChapmanWx,2021-07-08 12:00:00,2024-10-03 14:00:00,0.0,0.0
ChapmanWx,Chapman,Wind Direction,WindDirection,2021-07-08 12:00:00,2024-10-03 14:00:00,ChapmanWx,2021-07-08 12:00:00,2024-10-03 14:00:00,0.0,0.0
ChapmanWx,Chapman,Rain,Rainmm,2021-07-08 12:00:00,2024-10-03 14:00:00,ChapmanWx,2021-07-08 13:00:00,2024-10-03 14:00:00,-1.0,0.0
ChapmanWx,Chapman,Pressure,Pressurembar,2021-07-08 12:00:00,2024-10-03 14:00:00,ChapmanWx,2021-07-08 12:00:00,2024-10-03 14:00:00,0.0,0.0
ChapmanWx,Chapman,Temp,TempC,2021-07-08 12:00:00,2024-10-03 14:00:00,ChapmanWx,2021-07-08 12:00:00,2024-10-03 14:00:00,0.0,0.0
ChapmanWx,Chapman,RH,RH,2021-07-08 12:00:00,2024-10-03 14:00:00,ChapmanWx,2021-07-08 12:00:00,2024-10-03 14:00:00,0.0,0.0
ChapmanWx,Chapman,DewPt,DewPtC,2021-07-08 12:00:00,2024-10-03 14:00:00,ChapmanWx,2021-07-08 12:00:00,2024-10-03 14:00:00,0.0,0.0
ChapmanWx,Chapman,Wind Speed,WindSpeedms,2021-07-08 12:00:00,2024-10-03 14:00:00,ChapmanWx,2021-07-08 12:00:00,2024-10-03 14:00:00,0.0,0.0
ChapmanWx,Chapman,Gust Speed,GustSpeedms,2021-07-08 12:00:00,2024-10-03 14:00:00,ChapmanWx,2021-07-08 12:00:00,2024-10-03 14:00:00,0.0,0.0
ChapmanWx,Chapman,Solar Radiation,SolarRadiationWm,2021-07-08 12:00:00,2024-10-03 14:00:00,ChapmanWx,2021-07-08 12:00:00,2024-10-03 14:00:00,0.0,0.0
ChiefLakeWx,ChiefWx,Gust Speed,GustSpeedms,2019-07-05 13:00:00,2024-10-09 10:00:00,,,,,
ChiefLakeWx,ChiefWx,Wetness,Wetness,2019-07-05 13:00:00,2024-10-09 10:00:00,,,,,
ChiefLakeWx,ChiefWx,DewPt,DewPtC,2019-07-05 13:00:00,2024-10-09 10:00:00,,,,,
ChiefLakeWx,ChiefWx,RH,RH,2019-07-05 13:00:00,2024-10-09 10:00:00,,,,,
ChiefLakeWx,ChiefWx,Temp,TempC,2019-07-05 13:00:00,2024-10-09 10:00:00,,,,,
ChiefLakeWx,ChiefWx,Wind Speed,WindSpeedms,2019-07-05 13:00:00,2024-10-09 10:00:00,,,,,
ChiefLakeWx,ChiefWx,Rain,Rainmm,2019-07-05 13:00:00,2024-10-09 10:00:00,,,,,
ChiefLakeWx,ChiefWx,Soil Temp,Soil_Temp,2019-07-05 13:00:00,2024-10-09 10:00:00,,,,,
ChiefLakeWx,ChiefWx,Wind Direction,WindDirection,2019-07-05 13:00:00,2024-10-09 10:00:00,,,,,
ChiefLakeWx,ChiefWx,Water Content,Water_Content_m3_m3_15_cm,2019-07-05 13:00:00,2024-10-09 10:00:00,,,,,
ChiefLakeWx,ChiefWx,Pressure,Pressurembar,2019-07-05 13:00:00,2024-10-09 10:00:00,,,,,
ChiefLakeWx,ChiefWx,Solar Radiation,SolarRadiationWm,2019-07-05 13:00:00,2024-10-09 10:00:00,,,,,
CoalmineWx,CoalmineWx,Water Content,Water_Content_m3_m3_15_cm,2018-08-29 14:00:00,2024-09-12 12:00:00,Coalmine Wx,2019-06-26 10:00:00,2024-09-12 12:00:00,-301.0,0.0
CoalmineWx,CoalmineWx,Rain,Rainmm,2018-08-29 14:00:00,2024-09-12 12:00:00,Coalmine Wx,2018-09-14 15:00:00,2024-09-12 12:00:00,-17.0,0.0
CoalmineWx,CoalmineWx,Gust Speed,GustSpeedms,2018-08-29 14:00:00,2024-09-12 12:00:00,Coalmine Wx,2018-09-14 14:00:00,2024-09-12 12:00:00,-16.0,0.0
CoalmineWx,CoalmineWx,Wind Direction,WindDirection,2018-08-29 14:00:00,2024-09-12 12:00:00,Coalmine Wx,2018-09-14 14:00:00,2024-09-12 12:00:00,-16.0,0.0
CoalmineWx,CoalmineWx,Wind Speed,WindSpeedms,2018-08-29 14:00:00,2024-09-12 12:00:00,Coalmine Wx,2018-09-14 14:00:00,2024-09-12 12:00:00,-16.0,0.0
CoalmineWx,CoalmineWx,DewPt,DewPtC,2018-08-29 14:00:00,2024-09-12 12:00:00,Coalmine Wx,2018-09-14 14:00:00,2024-09-12 12:00:00,-16.0,0.0
CoalmineWx,CoalmineWx,RH,RH,2018-08-29 14:00:00,2024-09-12 12:00:00,Coalmine Wx,2018-08-29 14:00:00,2024-09-12 12:00:00,0.0,0.0
CoalmineWx,CoalmineWx,Solar Radiation,SolarRadiationWm,2018-08-29 14:00:00,2024-09-12 12:00:00,Coalmine Wx,2018-09-14 14:00:00,2024-09-12 12:00:00,-16.0,0.0
CoalmineWx,CoalmineWx,Pressure,Pressurembar,2018-08-29 14:00:00,2024-09-12 12:00:00,Coalmine Wx,2018-09-14 14:00:00,2024-09-12 12:00:00,-16.0,0.0
CoalmineWx,CoalmineWx,Temp,TempC,2018-08-29 14:00:00,2024-09-12 12:00:00,Coalmine Wx,2018-08-29 14:00:00,2024-09-12 12:00:00,0.0,0.0
CrookedLk,CrookedLk,Solar Radiation,SolarRadiationWm,2023-08-08 14:00:00,2024-10-28 10:00:00,CrookedLk,2023-08-08 14:00:00,2024-10-28 10:00:00,0.0,0.0
CrookedLk,CrookedLk,Wind Direction,WindDirection,2023-08-08 14:00:00,2024-10-28 10:00:00,CrookedLk,2023-08-08 14:00:00,2024-10-28 10:00:00,0.0,0.0
CrookedLk,CrookedLk,Gust Speed,GustSpeedms,2023-08-08 14:00:00,2024-10-28 10:00:00,CrookedLk,2023-08-08 14:00:00,2024-10-28 10:00:00,0.0,0.0
CrookedLk,CrookedLk,Wind Speed,WindSpeedms,2023-08-08 14:00:00,2024-10-28 10:00:00,CrookedLk,2023-08-08 14:00:00,2024-10-28 10:00:00,0.0,0.0
CrookedLk,CrookedLk,RH,RH,2023-08-08 14:00:00,2024-10-28 10:00:00,CrookedLk,2023-08-08 14:00:00,2024-10-28 10:00:00,0.0,0.0
CrookedLk,CrookedLk,Temp,TempC,2023-08-08 14:00:00,2024-10-28 10:00:00,CrookedLk,2023-08-08 14:00:00,2024-10-28 10:00:00,0.0,0.0
CrookedLk,CrookedLk,Rain,Rainmm,2023-08-08 14:00:00,2024-10-28 10:00:00,CrookedLk,2023-08-08 15:00:00,2024-10-28 10:00:00,-1.0,0.0
CrookedLk,CrookedLk,Pressure,Pressurembar,2023-08-08 14:00:00,2024-10-28 10:00:00,CrookedLk,2023-08-08 14:00:00,2024-10-28 10:00:00,0.0,0.0
CrookedLk,CrookedLk,DewPt,DewPtC,2023-08-08 14:00:00,2024-10-28 10:00:00,CrookedLk,2023-08-08 14:00:00,2024-10-28 10:00:00,0.0,0.0
CrystalWx,Crystal Lake,RH,RH,2010-04-29 13:00:00,2024-10-18 13:00:00,,,,,
CrystalWx,Crystal Lake,DewPt,DewPtC,2010-04-29 13:00:00,2024-10-18 13:00:00,,,,,
CrystalWx,Crystal Lake,Wind Speed,WindSpeedms,2010-04-29 13:00:00,2024-10-18 13:00:00,,,,,
CrystalWx,Crystal Lake,Gust Speed,GustSpeedms,2010-04-29 13:00:00,2024-10-18 13:00:00,,,,,
CrystalWx,Crystal Lake,Wind Direction,WindDirection,2010-04-29 13:00:00,2024-10-18 13:00:00,,,,,
CrystalWx,Crystal Lake,Solar Radiation,SolarRadiationWm,2010-04-29 13:00:00,2024-10-18 13:00:00,,,,,
CrystalWx,Crystal Lake,Wetness,Wetness,2010-04-29 13:00:00,2024-10-18 13:00:00,,,,,
CrystalWx,Crystal Lake,Water Content,Water_Content_m3_m3_15_cm,2010-04-29 13:00:00,2024-10-18 13:00:00,,,,,
CrystalWx,Crystal Lake,Soil Temp,Soil_Temp,2010-04-29 13:00:00,2024-10-18 13:00:00,,,,,
CrystalWx,Crystal Lake,Temp,TempC,2010-04-29 13:00:00,2024-10-18 13:00:00,,,,,
CrystalWx,Crystal Lake,Pressure,Pressurembar,2010-04-29 13:00:00,2024-10-18 13:00:00,,,,,
CrystalWx,Crystal Lake,Rain,Rainmm,2010-04-29 13:00:00,2024-10-18 13:00:00,,,,,
Dennis,McDonn,Water Content,Water_Content_m3_m3_5_cm,2021-07-07 17:00:00,2024-10-04 09:00:00,,,,,
Dennis,McDonn,Water Content,Water_Content_m3_m3_15_cm,2021-07-07 17:00:00,2024-10-04 09:00:00,,,,,
Dennis,McDonn,DewPt,DewPtC,2021-07-07 17:00:00,2024-10-04 09:00:00,,,,,
Dennis,McDonn,Water Content,Water_Content_m3_m3_30_cm,2021-07-07 17:00:00,2024-10-04 09:00:00,,,,,
Dennis,McDonn,Rain,Rainmm,2021-07-07 17:00:00,2024-10-04 09:00:00,,,,,
Dennis,McDonn,Pressure,Pressurembar,2021-07-07 17:00:00,2024-10-04 09:00:00,,,,,
Dennis,McDonn,Temp,TempC,2021-07-07 17:00:00,2024-10-04 09:00:00,,,,,
Dennis,McDonn,Soil Temp,Soil_Temp,2021-07-07 17:00:00,2024-10-04 09:00:00,,,,,
Dennis,McDonn,Solar Radiation,SolarRadiationWm,2021-07-07 17:00:00,2024-10-04 09:00:00,,,,,
Dennis,McDonn,Wind Direction,WindDirection,2021-07-07 17:00:00,2024-10-04 09:00:00,,,,,
Dennis,McDonn,Gust Speed,GustSpeedms,2021-07-07 17:00:00,2024-10-04 09:00:00,,,,,
Dennis,McDonn,Wind Speed,WindSpeedms,2021-07-07 17:00:00,2024-10-04 09:00:00,,,,,
Dennis,McDonn,RH,RH,2021-07-07 17:00:00,2024-10-04 09:00:00,,,,,
DunsterWx,Dunster,Water Content,Water_Content_m3_m3_15_cm,2013-09-05 14:00:00,2025-01-07 14:00:00,Dunster,2016-07-27 07:00:00,2025-01-07 14:00:00,-1056.0,0.0
DunsterWx,Dunster,Snow depth,Snow_Depth,2013-09-05 14:00:00,2025-01-07 14:00:00,Dunster,2023-07-14 11:00:00,2025-01-07 14:00:00,-3599.0,0.0
DunsterWx,Dunster,DewPt,DewPtC,2013-09-05 14:00:00,2025-01-07 14:00:00,Dunster,2013-09-05 14:00:00,2025-01-07 14:00:00,0.0,0.0
DunsterWx,Dunster,Rain,Rainmm,2013-09-05 14:00:00,2025-01-07 14:00:00,Dunster,2013-09-05 14:00:00,2025-01-07 14:00:00,0.0,0.0
DunsterWx,Dunster,Pressure,Pressurembar,2013-09-05 14:00:00,2025-01-07 14:00:00,Dunster,2013-09-05 14:00:00,2025-01-07 14:00:00,0.0,0.0
DunsterWx,Dunster,Temp,TempC,2013-09-05 14:00:00,2025-01-07 14:00:00,Dunster,2013-09-05 14:00:00,2025-01-07 14:00:00,0.0,0.0
DunsterWx,Dunster,RH,RH,2013-09-05 14:00:00,2025-01-07 14:00:00,Dunster,2013-09-05 14:00:00,2025-01-07 14:00:00,0.0,0.0
DunsterWx,Dunster,Wind Speed,WindSpeedms,2013-09-05 14:00:00,2025-01-07 14:00:00,Dunster,2013-09-05 14:00:00,2025-01-07 14:00:00,0.0,0.0
DunsterWx,Dunster,Gust Speed,GustSpeedms,2013-09-05 14:00:00,2025-01-07 14:00:00,Dunster,2013-09-05 14:00:00,2025-01-07 14:00:00,0.0,0.0
DunsterWx,Dunster,Wind Direction,WindDirection,2013-09-05 14:00:00,2025-01-07 14:00:00,Dunster,2013-09-05 14:00:00,2025-01-07 14:00:00,0.0,0.0
DunsterWx,Dunster,Solar Radiation,SolarRadiationWm,2013-09-05 14:00:00,2025-01-07 14:00:00,Dunster,2013-09-05 14:00:00,2025-01-07 14:00:00,0.0,0.0
EndakoWx,Endako,Water Content,Water_Content_m3_m3_15_cm,2007-09-13 13:00:00,2024-09-24 12:00:00,EndakoWx,2017-05-26 10:00:00,2024-09-24 12:00:00,-3543.0,0.0
EndakoWx,Endako,Soil Temp,Soil_Temp,2007-09-13 13:00:00,2024-09-24 12:00:00,EndakoWx,2024-06-20 14:00:00,2024-09-24 12:00:00,-6126.0,0.0
EndakoWx,Endako,Wetness,Wetness,2007-09-13 13:00:00,2024-09-24 12:00:00,EndakoWx,2023-09-15 12:00:00,2024-09-24 12:00:00,-5846.0,0.0
EndakoWx,Endako,Solar Radiation,SolarRadiationWm,2007-09-13 13:00:00,2024-09-24 12:00:00,EndakoWx,2023-09-15 12:00:00,2024-09-24 12:00:00,-5846.0,0.0
EndakoWx,Endako,Gust Speed,GustSpeedms,2007-09-13 13:00:00,2024-09-24 12:00:00,EndakoWx,2023-09-15 12:00:00,2024-09-24 12:00:00,-5846.0,0.0
EndakoWx,Endako,Wind Direction,WindDirection,2007-09-13 13:00:00,2024-09-24 12:00:00,EndakoWx,2023-09-15 12:00:00,2024-09-24 12:00:00,-5846.0,0.0
EndakoWx,Endako,DewPt,DewPtC,2007-09-13 13:00:00,2024-09-24 12:00:00,EndakoWx,2023-09-15 12:00:00,2024-09-24 12:00:00,-5846.0,0.0
EndakoWx,Endako,RH,RH,2007-09-13 13:00:00,2024-09-24 12:00:00,EndakoWx,2023-09-15 12:00:00,2024-09-24 12:00:00,-5846.0,0.0
EndakoWx,Endako,Temp,TempC,2007-09-13 13:00:00,2024-09-24 12:00:00,EndakoWx,2023-09-15 12:00:00,2024-09-24 12:00:00,-5846.0,0.0
EndakoWx,Endako,Pressure,Pressurembar,2007-09-13 13:00:00,2024-09-24 12:00:00,EndakoWx,2023-09-15 12:00:00,2024-09-24 12:00:00,-5846.0,0.0
EndakoWx,Endako,Wind Speed,WindSpeedms,2007-09-13 13:00:00,2024-09-24 12:00:00,EndakoWx,2023-09-15 12:00:00,2024-09-24 12:00:00,-5846.0,0.0
EndakoWx,Endako,Rain,Rainmm,2007-09-13 13:00:00,2024-09-24 12:00:00,EndakoWx,2023-09-15 12:00:00,2024-09-24 12:00:00,-5846.0,0.0
GeorgeWx,George,Solar Radiation,SolarRadiationWm,2007-09-14 12:00:00,2024-09-18 11:00:00,GeorgeWx,2023-10-30 12:00:00,2024-09-18 11:00:00,-5890.0,0.0
GeorgeWx,George,Wind Direction,WindDirection,2007-09-14 12:00:00,2024-09-18 11:00:00,GeorgeWx,2023-10-30 12:00:00,2024-09-18 11:00:00,-5890.0,0.0
GeorgeWx,George,Gust Speed,GustSpeedms,2007-09-14 12:00:00,2024-09-18 11:00:00,GeorgeWx,2023-10-30 12:00:00,2024-09-18 11:00:00,-5890.0,0.0
GeorgeWx,George,Wind Speed,WindSpeedms,2007-09-14 12:00:00,2024-09-18 11:00:00,GeorgeWx,2023-10-30 12:00:00,2024-09-18 11:00:00,-5890.0,0.0
GeorgeWx,George,DewPt,DewPtC,2007-09-14 12:00:00,2024-09-18 11:00:00,GeorgeWx,2023-10-30 12:00:00,2024-09-18 11:00:00,-5890.0,0.0
GeorgeWx,George,RH,RH,2007-09-14 12:00:00,2024-09-18 11:00:00,GeorgeWx,2023-10-30 12:00:00,2024-09-18 11:00:00,-5890.0,0.0
GeorgeWx,George,Temp,TempC,2007-09-14 12:00:00,2024-09-18 11:00:00,GeorgeWx,2023-10-30 12:00:00,2024-09-18 11:00:00,-5890.0,0.0
GeorgeWx,George,Pressure,Pressurembar,2007-09-14 12:00:00,2024-09-18 11:00:00,GeorgeWx,2023-10-30 12:00:00,2024-09-18 11:00:00,-5890.0,0.0
GeorgeWx,George,Rain,Rainmm,2007-09-14 12:00:00,2024-09-18 11:00:00,GeorgeWx,2023-10-30 12:00:00,2024-09-18 09:00:00,-5890.0,0.0
GeorgeWx,George,Wetness,Wetness,2007-09-14 12:00:00,2024-09-18 11:00:00,GeorgeWx,2023-10-30 12:00:00,2024-09-18 11:00:00,-5890.0,0.0
GeorgeWx,George,Water Content,Water_Content_m3_m3_15_cm,2007-09-14 12:00:00,2024-09-18 11:00:00,GeorgeWx,2016-09-28 14:00:00,2024-09-18 11:00:00,-3303.0,0.0
GeorgeWx,George,Soil Temp,Soil_Temp,2007-09-14 12:00:00,2024-09-18 11:00:00,GeorgeWx,2023-10-31 00:00:00,2024-09-18 11:00:00,-5891.0,0.0
GunnelWx,Gunnel1,Gust Speed,GustSpeedms,2018-08-15 13:00:00,2022-09-27 13:00:00,GunnelWx,2018-08-15 13:00:00,2022-09-27 13:00:00,0.0,0.0
GunnelWx,Gunnel1,Wind Direction,WindDirection,2018-08-15 13:00:00,2022-09-27 13:00:00,GunnelWx,2018-08-15 13:00:00,2022-09-27 13:00:00,0.0,0.0
GunnelWx,Gunnel1,Pressure,Pressurembar,2018-08-15 13:00:00,2022-09-27 13:00:00,GunnelWx,2018-08-15 13:00:00,2022-09-27 13:00:00,0.0,0.0
GunnelWx,Gunnel1,Temp,TempC,2018-08-15 13:00:00,2022-09-27 13:00:00,GunnelWx,2018-08-15 13:00:00,2022-09-27 13:00:00,0.0,0.0
GunnelWx,Gunnel1,RH,RH,2018-08-15 13:00:00,2022-09-27 13:00:00,GunnelWx,2018-08-15 13:00:00,2022-09-27 13:00:00,0.0,0.0
GunnelWx,Gunnel1,DewPt,DewPtC,2018-08-15 13:00:00,2022-09-27 13:00:00,GunnelWx,2018-08-15 13:00:00,2022-09-27 13:00:00,0.0,0.0
GunnelWx,Gunnel1,Wind Speed,WindSpeedms,2018-08-15 13:00:00,2022-09-27 13:00:00,GunnelWx,2018-08-15 13:00:00,2022-09-27 13:00:00,0.0,0.0
GunnelWx,Gunnel1,Rain,Rainmm,2018-08-15 13:00:00,2022-09-27 13:00:00,GunnelWx,2018-08-15 14:00:00,2022-09-27 13:00:00,-1.0,0.0
GunnelWx,Gunnel1,Solar Radiation,SolarRadiationWm,2018-08-15 13:00:00,2022-09-27 13:00:00,GunnelWx,2018-08-15 13:00:00,2022-09-27 13:00:00,0.0,0.0
HourglassWx,Hourglass ,Soil Temp,Soil_Temp,2012-05-23 17:00:00,2025-01-07 15:00:00,,,,,
HourglassWx,Hourglass ,Solar Radiation,SolarRadiationWm,2012-05-23 17:00:00,2025-01-07 15:00:00,,,,,
HourglassWx,Hourglass ,Wind Direction,WindDirection,2012-05-23 17:00:00,2025-01-07 15:00:00,,,,,
HourglassWx,Hourglass ,Gust Speed,GustSpeedms,2012-05-23 17:00:00,2025-01-07 15:00:00,,,,,
HourglassWx,Hourglass ,Wind Speed,WindSpeedms,2012-05-23 17:00:00,2025-01-07 15:00:00,,,,,
HourglassWx,Hourglass ,Snow depth,Snow_Depth,2012-05-23 17:00:00,2025-01-07 15:00:00,,,,,
HourglassWx,Hourglass ,RH,RH,2012-05-23 17:00:00,2025-01-07 15:00:00,,,,,
HourglassWx,Hourglass ,Temp,TempC,2012-05-23 17:00:00,2025-01-07 15:00:00,,,,,
HourglassWx,Hourglass ,Pressure,Pressurembar,2012-05-23 17:00:00,2025-01-07 15:00:00,,,,,
HourglassWx,Hourglass ,Water Content,Water_Content_m3_m3_15_cm,2012-05-23 17:00:00,2025-01-07 15:00:00,,,,,
HourglassWx,Hourglass ,Rain,Rainmm,2012-05-23 17:00:00,2025-01-07 15:00:00,,,,,
HourglassWx,Hourglass ,DewPt,DewPtC,2012-05-23 17:00:00,2025-01-07 15:00:00,,,,,
Hudson Bay Mtn2,HBMtn2,Solar Radiation,SolarRadiationWm,2017-08-25 13:00:00,2025-01-09 06:00:00,Hudson Bay Mtn2,2017-08-25 13:00:00,2025-01-09 06:00:00,0.0,0.0
Hudson Bay Mtn2,HBMtn2,Wind Direction,WindDirection,2017-08-25 13:00:00,2025-01-09 06:00:00,Hudson Bay Mtn2,2017-08-25 13:00:00,2025-01-09 06:00:00,0.0,0.0
Hudson Bay Mtn2,HBMtn2,Wind Speed,WindSpeedms,2017-08-25 13:00:00,2025-01-09 06:00:00,Hudson Bay Mtn2,2017-08-25 13:00:00,2025-01-09 06:00:00,0.0,0.0
Hudson Bay Mtn2,HBMtn2,Gust Speed,GustSpeedms,2017-08-25 13:00:00,2025-01-09 06:00:00,Hudson Bay Mtn2,2017-08-25 13:00:00,2025-01-09 06:00:00,0.0,0.0
Hudson Bay Mtn2,HBMtn2,RH,RH,2017-08-25 13:00:00,2025-01-09 06:00:00,Hudson Bay Mtn2,2017-08-25 13:00:00,2025-01-09 06:00:00,0.0,0.0
Hudson Bay Mtn2,HBMtn2,Temp,TempC,2017-08-25 13:00:00,2025-01-09 06:00:00,Hudson Bay Mtn2,2017-08-25 13:00:00,2025-01-09 06:00:00,0.0,0.0
Hudson Bay Mtn2,HBMtn2,Pressure,Pressurembar,2017-08-25 13:00:00,2025-01-09 06:00:00,Hudson Bay Mtn2,2017-08-25 13:00:00,2025-01-09 06:00:00,0.0,0.0
Hudson Bay Mtn2,HBMtn2,Rain,Rainmm,2017-08-25 13:00:00,2025-01-09 06:00:00,Hudson Bay Mtn2,2017-08-25 14:00:00,2025-01-09 06:00:00,-1.0,0.0
Hudson Bay Mtn2,HBMtn2,DewPt,DewPtC,2017-08-25 13:00:00,2025-01-09 06:00:00,Hudson Bay Mtn2,2017-08-25 13:00:00,2025-01-09 06:00:00,0.0,0.0
IBB2Wx,IBB2,Rain,Rainmm,2024-07-25 13:00:00,2024-09-16 14:00:00,IBB2Wx,2024-07-25 14:00:00,2024-09-16 14:00:00,-1.0,0.0
IBB2Wx,IBB2,Pressure,Pressurembar,2024-07-25 13:00:00,2024-09-16 14:00:00,IBB2Wx,2024-07-25 13:00:00,2024-09-16 14:00:00,0.0,0.0
IBB2Wx,IBB2,Temp,TempC,2024-07-25 13:00:00,2024-09-16 14:00:00,IBB2Wx,2024-07-25 13:00:00,2024-09-16 14:00:00,0.0,0.0
IBB2Wx,IBB2,RH,RH,2024-07-25 13:00:00,2024-09-16 14:00:00,IBB2Wx,2024-07-25 13:00:00,2024-09-16 14:00:00,0.0,0.0
IBB2Wx,IBB2,DewPt,DewPtC,2024-07-25 13:00:00,2024-09-16 14:00:00,IBB2Wx,2024-07-25 13:00:00,2024-09-16 14:00:00,0.0,0.0
IBB2Wx,IBB2,Wind Speed,WindSpeedms,2024-07-25 13:00:00,2024-09-16 14:00:00,IBB2Wx,2024-07-25 13:00:00,2024-09-16 14:00:00,0.0,0.0
IBB2Wx,IBB2,Solar Radiation,SolarRadiationWm,2024-07-25 13:00:00,2024-09-16 14:00:00,IBB2Wx,2024-07-25 13:00:00,2024-09-16 14:00:00,0.0,0.0
IBB2Wx,IBB2,Wind Direction,WindDirection,2024-07-25 13:00:00,2024-09-16 14:00:00,IBB2Wx,2024-07-25 13:00:00,2024-09-16 14:00:00,0.0,0.0
IBB2Wx,IBB2,Wetness,Wetness,2024-07-25 13:00:00,2024-09-16 14:00:00,IBB2Wx,2024-07-25 13:00:00,2024-09-16 14:00:00,0.0,0.0
IBB2Wx,IBB2,Soil Temp,Soil_Temp,2024-07-25 13:00:00,2024-09-16 14:00:00,IBB2Wx,2024-07-25 13:00:00,2024-09-16 14:00:00,0.0,0.0
IBB2Wx,IBB2,Water Content,Water_Content_m3_m3_15_cm,2024-07-25 13:00:00,2024-09-16 14:00:00,IBB2Wx,2024-07-25 13:00:00,2024-09-16 14:00:00,0.0,0.0
IBB2Wx,IBB2,Gust Speed,GustSpeedms,2024-07-25 13:00:00,2024-09-16 14:00:00,IBB2Wx,2024-07-25 13:00:00,2024-09-16 14:00:00,0.0,0.0
IBB3Wx,IBB3,Water Content,Water_Content_m3_m3_15_cm,2023-09-20 14:00:00,2024-09-16 11:00:00,IBB3Wx,2023-09-20 14:00:00,2024-09-16 11:00:00,0.0,0.0
IBB3Wx,IBB3,Wetness,Wetness,2023-09-20 14:00:00,2024-09-16 11:00:00,IBB3Wx,2023-09-20 14:00:00,2024-09-16 11:00:00,0.0,0.0
IBB3Wx,IBB3,Solar Radiation,SolarRadiationWm,2023-09-20 14:00:00,2024-09-16 11:00:00,IBB3Wx,2023-09-20 14:00:00,2024-09-16 11:00:00,0.0,0.0
IBB3Wx,IBB3,Wind Direction,WindDirection,2023-09-20 14:00:00,2024-09-16 11:00:00,IBB3Wx,2023-09-20 14:00:00,2024-09-16 11:00:00,0.0,0.0
IBB3Wx,IBB3,Soil Temp,Soil_Temp,2023-09-20 14:00:00,2024-09-16 11:00:00,IBB3Wx,2023-09-20 14:00:00,2024-09-16 11:00:00,0.0,0.0
IBB3Wx,IBB3,Wind Speed,WindSpeedms,2023-09-20 14:00:00,2024-09-16 11:00:00,IBB3Wx,2023-09-20 14:00:00,2024-09-16 11:00:00,0.0,0.0
IBB3Wx,IBB3,DewPt,DewPtC,2023-09-20 14:00:00,2024-09-16 11:00:00,IBB3Wx,2023-09-20 14:00:00,2024-09-16 11:00:00,0.0,0.0
IBB3Wx,IBB3,RH,RH,2023-09-20 14:00:00,2024-09-16 11:00:00,IBB3Wx,2023-09-20 14:00:00,2024-09-16 11:00:00,0.0,0.0
IBB3Wx,IBB3,Temp,TempC,2023-09-20 14:00:00,2024-09-16 11:00:00,IBB3Wx,2023-09-20 14:00:00,2024-09-16 11:00:00,0.0,0.0
IBB3Wx,IBB3,Rain,Rainmm,2023-09-20 14:00:00,2024-09-16 11:00:00,IBB3Wx,2023-09-20 15:00:00,2024-09-16 11:00:00,-1.0,0.0
IBB3Wx,IBB3,Pressure,Pressurembar,2023-09-20 14:00:00,2024-09-16 11:00:00,IBB3Wx,2023-09-20 14:00:00,2024-09-16 11:00:00,0.0,0.0
IBB3Wx,IBB3,Gust Speed,GustSpeedms,2023-09-20 14:00:00,2024-09-16 11:00:00,IBB3Wx,2023-09-20 14:00:00,2024-09-16 11:00:00,0.0,0.0
Inklin,Inklin,Solar Radiation,SolarRadiationWm,2023-06-15 16:00:00,2024-08-10 14:00:00,Inklin,2023-06-15 16:00:00,2024-08-10 14:00:00,0.0,0.0
Inklin,Inklin,Wind Direction,WindDirection,2023-06-15 16:00:00,2024-08-10 14:00:00,Inklin,2023-06-15 16:00:00,2024-08-10 14:00:00,0.0,0.0
Inklin,Inklin,Gust Speed,GustSpeedms,2023-06-15 16:00:00,2024-08-10 14:00:00,Inklin,2023-06-15 16:00:00,2024-08-10 14:00:00,0.0,0.0
Inklin,Inklin,DewPt,DewPtC,2023-06-15 16:00:00,2024-08-10 14:00:00,Inklin,2023-11-01 12:00:00,2024-08-10 14:00:00,-139.0,0.0
Inklin,Inklin,RH,RH,2023-06-15 16:00:00,2024-08-10 14:00:00,Inklin,2023-06-15 16:00:00,2024-08-10 14:00:00,0.0,0.0
Inklin,Inklin,Temp,TempC,2023-06-15 16:00:00,2024-08-10 14:00:00,Inklin,2023-11-26 01:00:00,2024-08-10 14:00:00,-164.0,0.0
Inklin,Inklin,Pressure,Pressurembar,2023-06-15 16:00:00,2024-08-10 14:00:00,Inklin,2023-06-15 16:00:00,2024-07-24 07:00:00,0.0,17.0
Inklin,Inklin,Rain,Rainmm,2023-06-15 16:00:00,2024-08-10 14:00:00,Inklin,2023-06-15 17:00:00,2024-04-18 23:00:00,-1.0,113.0
Inklin,Inklin,Wind Speed,WindSpeedms,2023-06-15 16:00:00,2024-08-10 14:00:00,Inklin,2023-06-15 16:00:00,2024-08-10 14:00:00,0.0,0.0
Kluskus,SBSmc3Wx,Soil Temp,Soil_Temp,2010-07-15 17:00:00,2024-09-16 11:00:00,Kluskus,2024-06-13 13:00:00,2024-09-16 10:00:00,-5082.0,0.0
Kluskus,SBSmc3Wx,Water Content,Water_Content_m3_m3_15_cm,2010-07-15 17:00:00,2024-09-16 11:00:00,Kluskus,2016-07-13 13:00:00,2024-09-16 11:00:00,-2190.0,0.0
Kluskus,SBSmc3Wx,Pressure,Pressurembar,2010-07-15 17:00:00,2024-09-16 11:00:00,Kluskus,2023-10-12 11:00:00,2024-09-16 11:00:00,-4837.0,0.0
Kluskus,SBSmc3Wx,Solar Radiation,SolarRadiationWm,2010-07-15 17:00:00,2024-09-16 11:00:00,Kluskus,2023-10-12 11:00:00,2024-09-16 11:00:00,-4837.0,0.0
Kluskus,SBSmc3Wx,Wind Direction,WindDirection,2010-07-15 17:00:00,2024-09-16 11:00:00,Kluskus,2023-10-12 11:00:00,2024-09-16 11:00:00,-4837.0,0.0
Kluskus,SBSmc3Wx,Gust Speed,GustSpeedms,2010-07-15 17:00:00,2024-09-16 11:00:00,Kluskus,2023-10-12 11:00:00,2024-09-16 11:00:00,-4837.0,0.0
Kluskus,SBSmc3Wx,Wind Speed,WindSpeedms,2010-07-15 17:00:00,2024-09-16 11:00:00,Kluskus,2023-10-12 11:00:00,2024-09-16 11:00:00,-4837.0,0.0
Kluskus,SBSmc3Wx,Rain,Rainmm,2010-07-15 17:00:00,2024-09-16 11:00:00,Kluskus,2023-10-12 11:00:00,2024-09-16 11:00:00,-4837.0,0.0
Kluskus,SBSmc3Wx,DewPt,DewPtC,2010-07-15 17:00:00,2024-09-16 11:00:00,Kluskus,2023-10-12 11:00:00,2024-09-16 11:00:00,-4837.0,0.0
Kluskus,SBSmc3Wx,Temp,TempC,2010-07-15 17:00:00,2024-09-16 11:00:00,Kluskus,2023-10-12 11:00:00,2024-09-16 11:00:00,-4837.0,0.0
Kluskus,SBSmc3Wx,RH,RH,2010-07-15 17:00:00,2024-09-16 11:00:00,Kluskus,2023-10-12 11:00:00,2024-09-16 11:00:00,-4837.0,0.0
MacJxnWx,Mackenzie Jxn,DewPt,DewPtC,2010-04-28 14:00:00,2024-08-28 09:00:00,,,,,
MacJxnWx,Mackenzie Jxn,RH,RH,2010-04-28 14:00:00,2024-08-28 09:00:00,,,,,
MacJxnWx,Mackenzie Jxn,Temp,TempC,2010-04-28 14:00:00,2024-08-28 09:00:00,,,,,
MacJxnWx,Mackenzie Jxn,Rain,Rainmm,2010-04-28 14:00:00,2024-08-28 09:00:00,,,,,
MacJxnWx,Mackenzie Jxn,Pressure,Pressurembar,2010-04-28 14:00:00,2024-08-28 09:00:00,,,,,
MacJxnWx,Mackenzie Jxn,Water Content,Water_Content_m3_m3_15_cm,2010-04-28 14:00:00,2024-08-28 09:00:00,,,,,
MacJxnWx,Mackenzie Jxn,Gust Speed,GustSpeedms,2010-04-28 14:00:00,2024-08-28 09:00:00,,,,,
MacJxnWx,Mackenzie Jxn,Wind Direction,WindDirection,2010-04-28 14:00:00,2024-08-28 09:00:00,,,,,
MacJxnWx,Mackenzie Jxn,Solar Radiation,SolarRadiationWm,2010-04-28 14:00:00,2024-08-28 09:00:00,,,,,
MacJxnWx,Mackenzie Jxn,Wind Speed,WindSpeedms,2010-04-28 14:00:00,2024-08-28 09:00:00,,,,,
MacJxnWx,Mackenzie Jxn,Wetness,Wetness,2010-04-28 14:00:00,2024-08-28 09:00:00,,,,,
MiddleforkWx,MF1,Gust Speed,GustSpeedms,2007-07-11 20:00:00,2024-08-14 12:00:00,MiddleforkWx,2023-11-01 15:00:00,2024-08-14 12:00:00,-5957.0,0.0
MiddleforkWx,MF1,Rain,Rainmm,2007-07-11 20:00:00,2024-08-14 12:00:00,MiddleforkWx,2023-11-01 16:00:00,2024-08-14 12:00:00,-5957.0,0.0
MiddleforkWx,MF1,Temp,TempC,2007-07-11 20:00:00,2024-08-14 12:00:00,MiddleforkWx,2023-11-01 15:00:00,2024-08-14 12:00:00,-5957.0,0.0
MiddleforkWx,MF1,RH,RH,2007-07-11 20:00:00,2024-08-14 12:00:00,MiddleforkWx,2023-11-01 15:00:00,2024-08-14 12:00:00,-5957.0,0.0
MiddleforkWx,MF1,DewPt,DewPtC,2007-07-11 20:00:00,2024-08-14 12:00:00,MiddleforkWx,2023-11-01 15:00:00,2024-08-14 12:00:00,-5957.0,0.0
MiddleforkWx,MF1,Wind Speed,WindSpeedms,2007-07-11 20:00:00,2024-08-14 12:00:00,MiddleforkWx,2023-11-01 15:00:00,2024-08-14 12:00:00,-5957.0,0.0
MiddleforkWx,MF1,Pressure,Pressurembar,2007-07-11 20:00:00,2024-08-14 12:00:00,MiddleforkWx,2023-11-01 15:00:00,2024-08-14 12:00:00,-5957.0,0.0
MiddleforkWx,MF1,Wind Direction,WindDirection,2007-07-11 20:00:00,2024-08-14 12:00:00,MiddleforkWx,2023-11-01 15:00:00,2024-08-14 12:00:00,-5957.0,0.0
MiddleforkWx,MF1,Solar Radiation,SolarRadiationWm,2007-07-11 20:00:00,2024-08-14 12:00:00,MiddleforkWx,2023-11-01 15:00:00,2024-08-14 12:00:00,-5957.0,0.0
MiddleforkWx,MF1,Water Content,Water_Content_m3_m3_15_cm,2007-07-11 20:00:00,2024-08-14 12:00:00,MiddleforkWx,2019-08-11 11:00:00,2024-08-14 12:00:00,-4414.0,0.0
NondaWx,Nonda1,Gust Speed,GustSpeedms,2007-07-12 16:00:00,2025-01-09 08:00:00,NondaWx,2024-01-08 11:00:00,2024-07-19 09:00:00,-6024.0,173.0
NondaWx,Nonda1,Wind Speed,WindSpeedms,2007-07-12 16:00:00,2025-01-09 08:00:00,NondaWx,2024-01-08 11:00:00,2024-07-19 09:00:00,-6024.0,173.0
NondaWx,Nonda1,Solar Radiation,SolarRadiationWm,2007-07-12 16:00:00,2025-01-09 08:00:00,NondaWx,2024-01-08 11:00:00,2025-01-09 08:00:00,-6024.0,0.0
NondaWx,Nonda1,RH,RH,2007-07-12 16:00:00,2025-01-09 08:00:00,NondaWx,2024-01-08 11:00:00,2025-01-09 08:00:00,-6024.0,0.0
NondaWx,Nonda1,Temp,TempC,2007-07-12 16:00:00,2025-01-09 08:00:00,NondaWx,2024-01-08 11:00:00,2025-01-09 08:00:00,-6024.0,0.0
NondaWx,Nonda1,Pressure,Pressurembar,2007-07-12 16:00:00,2025-01-09 08:00:00,NondaWx,2024-01-08 11:00:00,2025-01-09 08:00:00,-6024.0,0.0
NondaWx,Nonda1,DewPt,DewPtC,2007-07-12 16:00:00,2025-01-09 08:00:00,NondaWx,2024-01-08 11:00:00,2025-01-09 08:00:00,-6024.0,0.0
NondaWx,Nonda1,Rain,Rainmm,2007-07-12 16:00:00,2025-01-09 08:00:00,NondaWx,2024-01-08 11:00:00,2025-01-09 08:00:00,-6024.0,0.0
NondaWx,Nonda1,Wind Direction,WindDirection,2007-07-12 16:00:00,2025-01-09 08:00:00,NondaWx,2024-01-08 11:00:00,2024-07-19 09:00:00,-6024.0,173.0
PinkWx,Pink1,Rain,Rainmm,2008-09-08 16:00:00,2025-01-09 08:00:00,PinkWx,2024-01-08 11:00:00,2025-01-09 08:00:00,-5600.0,0.0
PinkWx,Pink1,Pressure,Pressurembar,2008-09-08 16:00:00,2025-01-09 08:00:00,PinkWx,2024-01-08 11:00:00,2025-01-09 08:00:00,-5600.0,0.0
PinkWx,Pink1,Temp,TempC,2008-09-08 16:00:00,2025-01-09 08:00:00,PinkWx,2024-01-08 11:00:00,2025-01-09 08:00:00,-5600.0,0.0
PinkWx,Pink1,Solar Radiation,SolarRadiationWm,2008-09-08 16:00:00,2025-01-09 08:00:00,PinkWx,2024-01-08 11:00:00,2025-01-09 08:00:00,-5600.0,0.0
PinkWx,Pink1,Wind Direction,WindDirection,2008-09-08 16:00:00,2025-01-09 08:00:00,PinkWx,2024-01-08 11:00:00,2025-01-09 08:00:00,-5600.0,0.0
PinkWx,Pink1,Gust Speed,GustSpeedms,2008-09-08 16:00:00,2025-01-09 08:00:00,PinkWx,2024-01-08 11:00:00,2025-01-09 08:00:00,-5600.0,0.0
PinkWx,Pink1,Wind Speed,WindSpeedms,2008-09-08 16:00:00,2025-01-09 08:00:00,PinkWx,2024-01-08 11:00:00,2025-01-09 08:00:00,-5600.0,0.0
PinkWx,Pink1,DewPt,DewPtC,2008-09-08 16:00:00,2025-01-09 08:00:00,PinkWx,2024-01-08 11:00:00,2025-01-09 08:00:00,-5600.0,0.0
PinkWx,Pink1,RH,RH,2008-09-08 16:00:00,2025-01-09 08:00:00,PinkWx,2024-01-08 11:00:00,2025-01-09 08:00:00,-5600.0,0.0
SaxtonWx,Saxton,Gust Speed,GustSpeedms,2007-07-04 10:00:00,2024-10-09 08:00:00,SaxtonWx,2023-10-05 12:00:00,2024-10-09 08:00:00,-5938.0,0.0
SaxtonWx,Saxton,Water Content,Water_Content_m3_m3_5_cm,2007-07-04 10:00:00,2024-10-09 08:00:00,SaxtonWx,2017-06-16 11:00:00,2024-10-09 08:00:00,-3636.0,0.0
SaxtonWx,Saxton,Water Content,Water_Content_m3_m3_15_cm,2007-07-04 10:00:00,2024-10-09 08:00:00,SaxtonWx,2017-06-16 11:00:00,2024-10-09 08:00:00,-3636.0,0.0
SaxtonWx,Saxton,Wind Direction,WindDirection,2007-07-04 10:00:00,2024-10-09 08:00:00,SaxtonWx,2023-10-05 12:00:00,2024-10-09 08:00:00,-5938.0,0.0
SaxtonWx,Saxton,Rain,Rainmm,2007-07-04 10:00:00,2024-10-09 08:00:00,SaxtonWx,2023-10-05 12:00:00,2024-10-09 08:00:00,-5938.0,0.0
SaxtonWx,Saxton,Pressure,Pressurembar,2007-07-04 10:00:00,2024-10-09 08:00:00,SaxtonWx,2023-10-05 12:00:00,2024-10-09 08:00:00,-5938.0,0.0
SaxtonWx,Saxton,Temp,TempC,2007-07-04 10:00:00,2024-10-09 08:00:00,SaxtonWx,2023-10-05 12:00:00,2024-10-09 08:00:00,-5938.0,0.0
SaxtonWx,Saxton,Wind Speed,WindSpeedms,2007-07-04 10:00:00,2024-10-09 08:00:00,SaxtonWx,2023-10-05 12:00:00,2024-10-09 08:00:00,-5938.0,0.0
SaxtonWx,Saxton,DewPt,DewPtC,2007-07-04 10:00:00,2024-10-09 08:00:00,SaxtonWx,2023-10-05 12:00:00,2024-10-09 08:00:00,-5938.0,0.0
SaxtonWx,Saxton,RH,RH,2007-07-04 10:00:00,2024-10-09 08:00:00,SaxtonWx,2023-10-05 12:00:00,2024-10-09 08:00:00,-5938.0,0.0
SaxtonWx,Saxton,Solar Radiation,SolarRadiationWm,2007-07-04 10:00:00,2024-10-09 08:00:00,SaxtonWx,2023-10-05 12:00:00,2024-10-09 08:00:00,-5938.0,0.0
SeebachWx,Seebach,Temp,TempC,2023-07-13 12:00:00,2024-09-26 10:11:00,SeebachWx,2023-07-13 12:00:00,2024-09-26 10:11:00,0.0,0.0
SeebachWx,Seebach,RH,RH,2023-07-13 12:00:00,2024-09-26 10:11:00,SeebachWx,2023-07-13 12:00:00,2024-09-26 10:11:00,0.0,0.0
SeebachWx,Seebach,DewPt,DewPtC,2023-07-13 12:00:00,2024-09-26 10:11:00,SeebachWx,2023-07-13 12:00:00,2024-09-26 10:11:00,0.0,0.0
SeebachWx,Seebach,Wind Speed,WindSpeedms,2023-07-13 12:00:00,2024-09-26 10:11:00,SeebachWx,2023-07-13 12:00:00,2024-09-26 10:11:00,0.0,0.0
SeebachWx,Seebach,Wind Direction,WindDirection,2023-07-13 12:00:00,2024-09-26 10:11:00,SeebachWx,2023-07-13 12:00:00,2024-09-26 10:11:00,0.0,0.0
SeebachWx,Seebach,Solar Radiation,SolarRadiationWm,2023-07-13 12:00:00,2024-09-26 10:11:00,SeebachWx,2023-07-13 12:00:00,2024-09-26 10:11:00,0.0,0.0
SeebachWx,Seebach,Wetness,Wetness,2023-07-13 12:00:00,2024-09-26 10:11:00,SeebachWx,2023-07-13 12:00:00,2024-09-26 10:11:00,0.0,0.0
SeebachWx,Seebach,Soil Temp,Soil_Temp,2023-07-13 12:00:00,2024-09-26 10:11:00,SeebachWx,2023-07-13 12:00:00,2024-09-26 10:11:00,0.0,0.0
SeebachWx,Seebach,Water Content,Water_Content_m3_m3_15_cm,2023-07-13 12:00:00,2024-09-26 10:11:00,SeebachWx,2023-07-13 12:00:00,2024-09-26 10:11:00,0.0,0.0
SeebachWx,Seebach,Gust Speed,GustSpeedms,2023-07-13 12:00:00,2024-09-26 10:11:00,SeebachWx,2023-07-13 12:00:00,2024-09-26 10:11:00,0.0,0.0
SeebachWx,Seebach,Rain,Rainmm,2023-07-13 12:00:00,2024-09-26 10:11:00,SeebachWx,2023-07-13 13:00:00,2024-09-26 10:11:00,-1.0,0.0
SeebachWx,Seebach,Pressure,Pressurembar,2023-07-13 12:00:00,2024-09-26 10:11:00,SeebachWx,2023-07-13 12:00:00,2024-09-26 10:11:00,0.0,0.0
Sunbeam,Mcbride Mountain Stn,RH,RH,2009-09-09 16:00:00,2025-01-09 08:00:00,Sunbeam,2024-01-08 13:00:00,2025-01-09 08:00:00,-5234.0,0.0
Sunbeam,Mcbride Mountain Stn,Rain,Rainmm,2009-09-09 16:00:00,2025-01-09 08:00:00,Sunbeam,2024-01-08 13:00:00,2025-01-09 08:00:00,-5234.0,0.0
Sunbeam,Mcbride Mountain Stn,Solar Radiation,SolarRadiationWm,2009-09-09 16:00:00,2025-01-09 08:00:00,Sunbeam,2024-01-08 13:00:00,2025-01-09 08:00:00,-5234.0,0.0
Sunbeam,Mcbride Mountain Stn,Wind Direction,WindDirection,2009-09-09 16:00:00,2025-01-09 08:00:00,Sunbeam,2024-01-08 13:00:00,2025-01-09 08:00:00,-5234.0,0.0
Sunbeam,Mcbride Mountain Stn,Gust Speed,GustSpeedms,2009-09-09 16:00:00,2025-01-09 08:00:00,Sunbeam,2024-01-08 13:00:00,2025-01-09 08:00:00,-5234.0,0.0
Sunbeam,Mcbride Mountain Stn,Wind Speed,WindSpeedms,2009-09-09 16:00:00,2025-01-09 08:00:00,Sunbeam,2024-01-08 13:00:00,2025-01-09 08:00:00,-5234.0,0.0
Sunbeam,Mcbride Mountain Stn,DewPt,DewPtC,2009-09-09 16:00:00,2025-01-09 08:00:00,Sunbeam,2024-01-08 13:00:00,2025-01-09 08:00:00,-5234.0,0.0
Sunbeam,Mcbride Mountain Stn,Pressure,Pressurembar,2009-09-09 16:00:00,2025-01-09 08:00:00,Sunbeam,2024-01-08 13:00:00,2025-01-09 08:00:00,-5234.0,0.0
Sunbeam,Mcbride Mountain Stn,Snow depth,Snow_Depth,2009-09-09 16:00:00,2025-01-09 08:00:00,Sunbeam,2022-09-28 09:00:00,2023-09-15 10:00:00,-4767.0,481.0
Sunbeam,Mcbride Mountain Stn,Temp,TempC,2009-09-09 16:00:00,2025-01-09 08:00:00,Sunbeam,2024-01-08 13:00:00,2025-01-09 08:00:00,-5234.0,0.0
Tamarac,Bednesti,Water Content,Water_Content_m3_m3_5_cm,2021-07-21 15:00:00,2024-10-10 12:00:00,,,,,
Tamarac,Bednesti,Water Content,Water_Content_m3_m3_15_cm,2021-07-21 15:00:00,2024-10-10 12:00:00,,,,,
Tamarac,Bednesti,Wind Speed,WindSpeedms,2021-07-21 15:00:00,2024-10-10 12:00:00,,,,,
Tamarac,Bednesti,Soil Temp,Soil_Temp,2021-07-21 15:00:00,2024-10-10 12:00:00,,,,,
Tamarac,Bednesti,Gust Speed,GustSpeedms,2021-07-21 15:00:00,2024-10-10 12:00:00,,,,,
Tamarac,Bednesti,Temp,TempC,2021-07-21 15:00:00,2024-10-10 12:00:00,,,,,
Tamarac,Bednesti,RH,RH,2021-07-21 15:00:00,2024-10-10 12:00:00,,,,,
Tamarac,Bednesti,DewPt,DewPtC,2021-07-21 15:00:00,2024-10-10 12:00:00,,,,,
Tamarac,Bednesti,Water Content,Water_Content_m3_m3_30_cm,2021-07-21 15:00:00,2024-10-10 12:00:00,,,,,
Tamarac,Bednesti,Rain,Rainmm,2021-07-21 15:00:00,2024-10-10 12:00:00,,,,,
ThompsonWx,Thompson,Wind Direction,WindDirection,2007-09-12 17:00:00,2024-09-24 10:00:00,ThompsonWx,2023-09-13 12:00:00,2024-09-24 10:00:00,-5845.0,0.0
ThompsonWx,Thompson,Rain,Rainmm,2007-09-12 17:00:00,2024-09-24 10:00:00,ThompsonWx,2023-09-13 12:00:00,2024-09-24 10:00:00,-5845.0,0.0
ThompsonWx,Thompson,Solar Radiation,SolarRadiationWm,2007-09-12 17:00:00,2024-09-24 10:00:00,ThompsonWx,2023-09-13 12:00:00,2024-09-24 10:00:00,-5845.0,0.0
ThompsonWx,Thompson,Wetness,Wetness,2007-09-12 17:00:00,2024-09-24 10:00:00,ThompsonWx,2023-09-13 12:00:00,2024-09-24 10:00:00,-5845.0,0.0
ThompsonWx,Thompson,Soil Temp,Soil_Temp,2007-09-12 17:00:00,2024-09-24 10:00:00,ThompsonWx,2023-09-13 12:00:00,2024-09-24 10:00:00,-5845.0,0.0
ThompsonWx,Thompson,Gust Speed,GustSpeedms,2007-09-12 17:00:00,2024-09-24 10:00:00,ThompsonWx,2023-09-13 12:00:00,2024-09-24 10:00:00,-5845.0,0.0
ThompsonWx,Thompson,Water Content,Water_Content_m3_m3_15_cm,2007-09-12 17:00:00,2024-09-24 10:00:00,ThompsonWx,2016-09-29 12:00:00,2024-09-24 10:00:00,-3305.0,0.0
ThompsonWx,Thompson,DewPt,DewPtC,2007-09-12 17:00:00,2024-09-24 10:00:00,ThompsonWx,2023-09-13 12:00:00,2024-09-24 10:00:00,-5845.0,0.0
ThompsonWx,Thompson,RH,RH,2007-09-12 17:00:00,2024-09-24 10:00:00,ThompsonWx,2023-09-13 12:00:00,2024-09-24 10:00:00,-5845.0,0.0
ThompsonWx,Thompson,Temp,TempC,2007-09-12 17:00:00,2024-09-24 10:00:00,ThompsonWx,2023-09-13 12:00:00,2024-09-24 10:00:00,-5845.0,0.0
ThompsonWx,Thompson,Pressure,Pressurembar,2007-09-12 17:00:00,2024-09-24 10:00:00,ThompsonWx,2023-09-13 12:00:00,2024-09-24 10:00:00,-5845.0,0.0
ThompsonWx,Thompson,Wind Speed,WindSpeedms,2007-09-12 17:00:00,2024-09-24 10:00:00,ThompsonWx,2023-09-13 12:00:00,2024-09-24 10:00:00,-5845.0,0.0
Willow-BowronWx,PGTIS2,Wetness,Wetness,2007-07-31 15:00:00,2024-10-24 09:00:00,Willow-BowronWx,2023-10-17 10:00:00,2024-10-24 09:00:00,-5922.0,0.0
Willow-BowronWx,PGTIS2,Solar Radiation,SolarRadiationWm,2007-07-31 15:00:00,2024-10-24 09:00:00,Willow-BowronWx,2023-10-17 10:00:00,2024-10-24 09:00:00,-5922.0,0.0
Willow-BowronWx,PGTIS2,Wind Direction,WindDirection,2007-07-31 15:00:00,2024-10-24 09:00:00,Willow-BowronWx,2023-10-17 10:00:00,2024-10-24 09:00:00,-5922.0,0.0
Willow-BowronWx,PGTIS2,Gust Speed,GustSpeedms,2007-07-31 15:00:00,2024-10-24 09:00:00,Willow-BowronWx,2023-10-17 10:00:00,2024-10-24 09:00:00,-5922.0,0.0
Willow-BowronWx,PGTIS2,DewPt,DewPtC,2007-07-31 15:00:00,2024-10-24 09:00:00,Willow-BowronWx,2023-10-17 10:00:00,2024-10-24 09:00:00,-5922.0,0.0
Willow-BowronWx,PGTIS2,RH,RH,2007-07-31 15:00:00,2024-10-24 09:00:00,Willow-BowronWx,2023-10-17 10:00:00,2024-10-24 09:00:00,-5922.0,0.0
Willow-BowronWx,PGTIS2,Temp,TempC,2007-07-31 15:00:00,2024-10-24 09:00:00,Willow-BowronWx,2023-10-17 10:00:00,2024-10-24 09:00:00,-5922.0,0.0
Willow-BowronWx,PGTIS2,Pressure,Pressurembar,2007-07-31 15:00:00,2024-10-24 09:00:00,Willow-BowronWx,2023-10-17 10:00:00,2024-10-24 09:00:00,-5922.0,0.0
Willow-BowronWx,PGTIS2,Rain,Rainmm,2007-07-31 15:00:00,2024-10-24 09:00:00,Willow-BowronWx,2023-10-17 10:00:00,2024-10-24 09:00:00,-5922.0,0.0
Willow-BowronWx,PGTIS2,Wind Speed,WindSpeedms,2007-07-31 15:00:00,2024-10-24 09:00:00,Willow-BowronWx,2023-10-17 10:00:00,2024-10-24 09:00:00,-5922.0,0.0
