station_name,native_id,station_file_name,lat,lon,elev,variable,unit,earliest_time,latest_time
Atlin School,AtlSch,Atlin school,59.574,-133.687,705,Rain,mm,2010-08-20 20:00:00,2024-08-10 19:00:00
Atlin School,AtlSch,Atlin school,59.574,-133.687,705,Air Temp,°C,2010-08-20 19:00:00,2024-08-10 19:00:00
Atlin School,AtlSch,Atlin school,59.574,-133.687,705,RH,%,2011-07-28 09:00:00,2024-08-10 19:00:00
Atlin School,AtlSch,Atlin school,59.574,-133.687,705,DewPt,°C,2011-07-28 09:00:00,2024-08-10 19:00:00
Atlin School,AtlSch,Atlin school,59.574,-133.687,705,Wind Speed,m/s,2010-08-20 19:00:00,2024-08-10 19:00:00
Atlin School,AtlSch,Atlin school,59.574,-133.687,705,Gust Speed,m/s,2010-08-20 19:00:00,2024-08-10 19:00:00
Atlin School,AtlSch,Atlin school,59.574,-133.687,705,Wind Direction,ø,2010-08-20 19:00:00,2024-08-10 19:00:00
Atlin School,AtlSch,Atlin school,59.574,-133.687,705,Solar Radiation,W/m²,2010-08-20 19:00:00,2024-08-10 19:00:00
Atlin School,AtlSch,Atlin school,59.574,-133.687,705,Gd Temp 75 cm,°C,2010-08-20 19:00:00,2024-08-10 19:00:00
Atlin School,AtlSch,Atlin school,59.574,-133.687,705,Gd Temp 50 cm,°C,2010-08-20 19:00:00,2024-08-10 19:00:00
Atlin School,AtlSch,Atlin school,59.574,-133.687,705,Gd Temp 25 cm,°C,2010-08-20 19:00:00,2024-08-10 19:00:00
Atlin School,AtlSch,Atlin school,59.574,-133.687,705,Sfc Temp,°C,2010-08-20 19:00:00,2024-08-10 19:00:00
Atlin School,AtlSch,Atlin school,59.574,-133.687,705,Air Temp 2,°C,2010-08-20 19:00:00,2024-08-10 19:00:00
BarrenWx,Barren,Barren,54.510444,-126.614341,1051,Rain,mm,2021-07-09 13:00:00,2024-10-03 11:00:00
BarrenWx,Barren,Barren,54.510444,-126.614341,1051,Pressure,mbar,2021-07-09 12:00:00,2024-10-03 11:00:00
BarrenWx,Barren,Barren,54.510444,-126.614341,1051,Temp,°C,2021-07-09 12:00:00,2024-10-03 11:00:00
BarrenWx,Barren,Barren,54.510444,-126.614341,1051,RH,%,2021-07-09 12:00:00,2024-10-03 11:00:00
BarrenWx,Barren,Barren,54.510444,-126.614341,1051,DewPt,°C,2021-07-09 12:00:00,2024-10-03 11:00:00
BarrenWx,Barren,Barren,54.510444,-126.614341,1051,Wind Speed,m/s,2021-07-09 12:00:00,2024-10-03 11:00:00
BarrenWx,Barren,Barren,54.510444,-126.614341,1051,Gust Speed,m/s,2021-07-09 12:00:00,2024-10-03 11:00:00
BarrenWx,Barren,Barren,54.510444,-126.614341,1051,Wind Direction,ø,2021-07-09 12:00:00,2024-10-03 11:00:00
BarrenWx,Barren,Barren,54.510444,-126.614341,1051,Solar Radiation,W/m²,2021-07-09 12:00:00,2024-10-03 11:00:00
BarrenWx,Barren,Barren,54.510444,-126.614341,1051,Water Content,m³/m³ 15 cm,2021-07-09 12:00:00,2024-10-03 11:00:00
BarrenWx,Barren,Barren,54.510444,-126.614341,1051,WC_cal,m³/m³,2021-07-09 12:00:00,2024-10-03 11:00:00
BarrenWx,Barren,Barren,54.510444,-126.614341,1051,Soil Temp,°C,2021-07-09 12:00:00,2024-10-03 11:00:00
BarrenWx,Barren,Barren,54.510444,-126.614341,1051,Water Content,m³/m³ 5 cm,2021-07-09 12:00:00,2024-10-03 11:00:00
BarrenWx,Barren,Barren,54.510444,-126.614341,1051,Water Content,m³/m³ 30 cm,2021-07-09 12:00:00,2024-10-03 11:00:00
BlackhawkWx,Blackhawk,Blackhawk,55.078885,-120.352171,962,Rain,mm,2012-05-24 14:00:00,2025-01-07 10:00:00
BlackhawkWx,Blackhawk,Blackhawk,55.078885,-120.352171,962,Pressure,mbar,2012-05-24 13:00:00,2025-01-07 10:00:00
BlackhawkWx,Blackhawk,Blackhawk,55.078885,-120.352171,962,Temp,?C,2012-05-24 13:00:00,2025-01-07 10:00:00
BlackhawkWx,Blackhawk,Blackhawk,55.078885,-120.352171,962,RH,%,2012-05-24 13:00:00,2025-01-07 10:00:00
BlackhawkWx,Blackhawk,Blackhawk,55.078885,-120.352171,962,DewPt,?C,2012-05-24 13:00:00,2025-01-07 10:00:00
BlackhawkWx,Blackhawk,Blackhawk,55.078885,-120.352171,962,Wind Speed,m/s,2012-05-24 13:00:00,2025-01-07 10:00:00
BlackhawkWx,Blackhawk,Blackhawk,55.078885,-120.352171,962,Gust Speed,m/s,2012-05-24 13:00:00,2025-01-07 10:00:00
BlackhawkWx,Blackhawk,Blackhawk,55.078885,-120.352171,962,Wind Direction,°,2012-05-24 13:00:00,2025-01-07 10:00:00
BlackhawkWx,Blackhawk,Blackhawk,55.078885,-120.352171,962,Solar Radiation,W/m?,2012-05-24 13:00:00,2025-01-07 10:00:00
BlackhawkWx,Blackhawk,Blackhawk,55.078885,-120.352171,962,Snow depth raw,cm,2016-10-26 14:00:00,2025-01-07 10:00:00
BlackhawkWx,Blackhawk,Blackhawk,55.078885,-120.352171,962,Snow depth,cm,2016-10-26 14:00:00,2025-01-07 10:00:00
BlackhawkWx,Blackhawk,Blackhawk,55.078885,-120.352171,962,Water Content,m?/m? 15 cm,2017-07-27 12:00:00,2025-01-07 10:00:00
BlackhawkWx,Blackhawk,Blackhawk,55.078885,-120.352171,962,WC_cal,m?/m?,2017-07-28 13:00:00,2025-01-07 10:00:00
BlackhawkWx,Blackhawk,Blackhawk,55.078885,-120.352171,962,Soil Temp,?C,2024-07-18 10:00:00,2025-01-07 10:00:00
BoulderWx,Boulder Creek,BoulderCr,55.108173,-127.37474,385,Rain,mm,2010-06-07 13:00:00,2024-08-07 08:00:00
BoulderWx,Boulder Creek,BoulderCr,55.108173,-127.37474,385,Pressure,mbar,2010-06-07 13:00:00,2024-08-07 08:00:00
BoulderWx,Boulder Creek,BoulderCr,55.108173,-127.37474,385,Temp,°C,2010-06-07 13:00:00,2024-08-07 08:00:00
BoulderWx,Boulder Creek,BoulderCr,55.108173,-127.37474,385,RH,%,2010-06-07 13:00:00,2024-08-07 08:00:00
BoulderWx,Boulder Creek,BoulderCr,55.108173,-127.37474,385,DewPt,°C,2010-06-07 13:00:00,2024-08-07 08:00:00
BoulderWx,Boulder Creek,BoulderCr,55.108173,-127.37474,385,Wind Speed,m/s,2010-06-07 13:00:00,2024-08-07 08:00:00
BoulderWx,Boulder Creek,BoulderCr,55.108173,-127.37474,385,Gust Speed,m/s,2010-06-07 13:00:00,2024-08-07 08:00:00
BoulderWx,Boulder Creek,BoulderCr,55.108173,-127.37474,385,Wind Direction,ø,2010-06-07 13:00:00,2024-08-07 08:00:00
BoulderWx,Boulder Creek,BoulderCr,55.108173,-127.37474,385,Solar Radiation,W/m²,2010-06-07 13:00:00,2024-08-07 08:00:00
BoulderWx,Boulder Creek,BoulderCr,55.108173,-127.37474,385,Wetness,%,2011-07-13 11:00:00,2024-08-07 08:00:00
BoulderWx,Boulder Creek,BoulderCr,55.108173,-127.37474,385,Water Content,m³/m³ 15 cm,2017-05-25 17:00:00,2024-08-07 08:00:00
BoulderWx,Boulder Creek,BoulderCr,55.108173,-127.37474,385,WC_cal,m³/m³,2017-05-25 17:00:00,2024-08-01 12:00:00
BoulderWx,Boulder Creek,BoulderCr,55.108173,-127.37474,385,Soil Temp,°C,2024-05-29 15:00:00,2024-06-26 21:00:00
BowronPit,BowronPit,Bowron Pit,53.902111,-122.015389,722,Rain,mm,2018-09-13 13:00:00,2025-01-07 11:00:00
BowronPit,BowronPit,Bowron Pit,53.902111,-122.015389,722,Pressure,mbar,2018-09-13 12:00:00,2025-01-07 11:00:00
BowronPit,BowronPit,Bowron Pit,53.902111,-122.015389,722,Temp,°C,2018-09-13 12:00:00,2025-01-07 11:00:00
BowronPit,BowronPit,Bowron Pit,53.902111,-122.015389,722,RH,%,2018-09-13 12:00:00,2025-01-07 11:00:00
BowronPit,BowronPit,Bowron Pit,53.902111,-122.015389,722,DewPt,°C,2018-09-13 12:00:00,2025-01-07 11:00:00
BowronPit,BowronPit,Bowron Pit,53.902111,-122.015389,722,Wind Speed,m/s,2018-09-13 12:00:00,2025-01-07 11:00:00
BowronPit,BowronPit,Bowron Pit,53.902111,-122.015389,722,Gust Speed,m/s,2018-09-13 12:00:00,2025-01-07 11:00:00
BowronPit,BowronPit,Bowron Pit,53.902111,-122.015389,722,Wind Direction,ø,2018-09-13 12:00:00,2025-01-07 11:00:00
BowronPit,BowronPit,Bowron Pit,53.902111,-122.015389,722,Solar Radiation,W/m²,2018-09-13 12:00:00,2025-01-07 11:00:00
BowronPit,BowronPit,Bowron Pit,53.902111,-122.015389,722,Snow depth raw,cm,2019-11-01 12:00:00,2025-01-07 11:00:00
BowronPit,BowronPit,Bowron Pit,53.902111,-122.015389,722,Snow depth,cm,2019-11-01 12:00:00,2025-01-07 11:00:00
BowronPit,BowronPit,Bowron Pit,53.902111,-122.015389,722,Water Content,m³/m³ 15 cm,2018-09-13 12:00:00,2025-01-07 11:00:00
BowronPit,BowronPit,Bowron Pit,53.902111,-122.015389,722,WC_cal,m³/m³,2018-09-13 12:00:00,2025-01-07 11:00:00
BowronPit,BowronPit,Bowron Pit,53.902111,-122.015389,722,Soil Temp,°C,2024-10-16 14:00:00,2025-01-07 11:00:00
BowronPit,BowronPit,Bowron Pit,53.902111,-122.015389,722,Temp 2,°C,2018-08-29 15:00:00,2024-10-16 13:00:00
BowronPit,BowronPit,Bowron Pit,53.902111,-122.015389,722,RH 2,%,2018-08-29 15:00:00,2024-10-16 13:00:00
BowronPit,BowronPit,Bowron Pit,53.902111,-122.015389,722,DewPt 2,°C,2018-08-29 15:00:00,2024-10-16 13:00:00
BowronPit,BowronPit,Bowron Pit,53.902111,-122.015389,722,Snow sensor Temp,°C,2019-11-01 12:00:00,2025-01-07 11:00:00
BulkleyWx,PGTIS1,Bulkley PGTIS 1,53.772183,-122.720729,594,Rain,mm,2007-07-31 13:00:00,2024-10-24 11:00:00
BulkleyWx,PGTIS1,Bulkley PGTIS 1,53.772183,-122.720729,594,Pressure,mbar,2007-07-31 13:00:00,2024-10-24 11:00:00
BulkleyWx,PGTIS1,Bulkley PGTIS 1,53.772183,-122.720729,594,Temp,°C,2007-07-31 13:00:00,2024-10-24 11:00:00
BulkleyWx,PGTIS1,Bulkley PGTIS 1,53.772183,-122.720729,594,RH,%,2007-07-31 13:00:00,2024-10-24 11:00:00
BulkleyWx,PGTIS1,Bulkley PGTIS 1,53.772183,-122.720729,594,DewPt,°C,2007-07-31 13:00:00,2024-10-24 11:00:00
BulkleyWx,PGTIS1,Bulkley PGTIS 1,53.772183,-122.720729,594,Wind Speed,m/s,2007-07-31 13:00:00,2024-10-24 11:00:00
BulkleyWx,PGTIS1,Bulkley PGTIS 1,53.772183,-122.720729,594,Gust Speed,m/s,2007-07-31 13:00:00,2024-10-24 11:00:00
BulkleyWx,PGTIS1,Bulkley PGTIS 1,53.772183,-122.720729,594,Wind Direction,ø,2007-07-31 13:00:00,2024-10-24 11:00:00
BulkleyWx,PGTIS1,Bulkley PGTIS 1,53.772183,-122.720729,594,Solar Radiation,W/m²,2007-07-31 13:00:00,2024-10-24 11:00:00
BulkleyWx,PGTIS1,Bulkley PGTIS 1,53.772183,-122.720729,594,Wetness,%,2008-06-13 00:00:00,2024-10-24 11:00:00
CPFWx,PGTIS3,CPF PGTIS 3,53.753775,-122.718864,593,Rain,mm,2007-08-09 14:00:00,2024-10-24 08:00:00
CPFWx,PGTIS3,CPF PGTIS 3,53.753775,-122.718864,593,Pressure,mbar,2007-08-09 14:00:00,2024-10-24 08:00:00
CPFWx,PGTIS3,CPF PGTIS 3,53.753775,-122.718864,593,Temp,°C,2007-08-09 14:00:00,2024-10-24 08:00:00
CPFWx,PGTIS3,CPF PGTIS 3,53.753775,-122.718864,593,RH,%,2007-08-09 14:00:00,2024-10-24 08:00:00
CPFWx,PGTIS3,CPF PGTIS 3,53.753775,-122.718864,593,DewPt,°C,2007-08-09 14:00:00,2024-10-24 08:00:00
CPFWx,PGTIS3,CPF PGTIS 3,53.753775,-122.718864,593,Wind Speed,m/s,2007-08-09 14:00:00,2024-10-24 08:00:00
CPFWx,PGTIS3,CPF PGTIS 3,53.753775,-122.718864,593,Gust Speed,m/s,2007-08-09 14:00:00,2024-10-24 08:00:00
CPFWx,PGTIS3,CPF PGTIS 3,53.753775,-122.718864,593,Wind Direction,ø,2007-08-09 14:00:00,2024-10-24 08:00:00
CPFWx,PGTIS3,CPF PGTIS 3,53.753775,-122.718864,593,Solar Radiation,W/m²,2007-08-09 14:00:00,2024-10-24 08:00:00
CPFWx,PGTIS3,CPF PGTIS 3,53.753775,-122.718864,593,Wetness,%,2008-06-12 15:00:00,2024-10-24 08:00:00
Canoe Mountain Stn,Canoe Mountain Stn,Canoe,52.70982,-119.19126,2210,Rain,mm,2012-03-22 12:00:00,2025-01-07 12:00:00
Canoe Mountain Stn,Canoe Mountain Stn,Canoe,52.70982,-119.19126,2210,Pressure,mbar,2012-03-22 11:00:00,2025-01-07 12:00:00
Canoe Mountain Stn,Canoe Mountain Stn,Canoe,52.70982,-119.19126,2210,Temp,°C,2012-03-22 11:00:00,2025-01-07 12:00:00
Canoe Mountain Stn,Canoe Mountain Stn,Canoe,52.70982,-119.19126,2210,RH,%,2012-03-22 11:00:00,2025-01-07 12:00:00
Canoe Mountain Stn,Canoe Mountain Stn,Canoe,52.70982,-119.19126,2210,DewPt,°C,2012-03-22 11:00:00,2025-01-07 12:00:00
Canoe Mountain Stn,Canoe Mountain Stn,Canoe,52.70982,-119.19126,2210,Wind Speed,m/s,2012-03-22 11:00:00,2025-01-07 12:00:00
Canoe Mountain Stn,Canoe Mountain Stn,Canoe,52.70982,-119.19126,2210,Gust Speed,m/s,2012-03-22 11:00:00,2025-01-07 12:00:00
Canoe Mountain Stn,Canoe Mountain Stn,Canoe,52.70982,-119.19126,2210,Wind Direction,ø,2012-03-22 11:00:00,2025-01-07 12:00:00
Canoe Mountain Stn,Canoe Mountain Stn,Canoe,52.70982,-119.19126,2210,Solar Radiation,W/m²,2012-03-22 11:00:00,2025-01-07 12:00:00
Caribou Pass,CaribouPass,Caribou Pass,58.35718,-129.54637,1744,Rain,mm,2023-08-04 12:00:00,2025-01-07 14:00:00
Caribou Pass,CaribouPass,Caribou Pass,58.35718,-129.54637,1744,Pressure,mbar,2023-08-04 11:00:00,2025-01-07 14:00:00
Caribou Pass,CaribouPass,Caribou Pass,58.35718,-129.54637,1744,Temp,?C,2023-08-04 11:00:00,2025-01-07 14:00:00
Caribou Pass,CaribouPass,Caribou Pass,58.35718,-129.54637,1744,RH,%,2023-08-04 11:00:00,2025-01-07 14:00:00
Caribou Pass,CaribouPass,Caribou Pass,58.35718,-129.54637,1744,DewPt,?C,2023-08-04 11:00:00,2025-01-07 14:00:00
Caribou Pass,CaribouPass,Caribou Pass,58.35718,-129.54637,1744,Wind Speed,m/s,2023-08-04 11:00:00,2025-01-07 14:00:00
Caribou Pass,CaribouPass,Caribou Pass,58.35718,-129.54637,1744,Gust Speed,m/s,2023-08-04 11:00:00,2025-01-07 14:00:00
Caribou Pass,CaribouPass,Caribou Pass,58.35718,-129.54637,1744,Wind Direction,°,2023-08-04 11:00:00,2025-01-07 14:00:00
Caribou Pass,CaribouPass,Caribou Pass,58.35718,-129.54637,1744,Solar Radiation,W/m?,2023-08-04 11:00:00,2025-01-07 14:00:00
Caribou Pass,CaribouPass,Caribou Pass,58.35718,-129.54637,1744,Temp 2,?C,2023-08-04 11:00:00,2025-01-07 14:00:00
Caribou Pass,CaribouPass,Caribou Pass,58.35718,-129.54637,1744,RH 2,%,2023-08-04 11:00:00,2025-01-07 14:00:00
Caribou Pass,CaribouPass,Caribou Pass,58.35718,-129.54637,1744,DewPt 2,?C,2023-08-04 11:00:00,2025-01-07 14:00:00
ChapmanWx,Chapman,Chapman,54.883903,-126.623533,848,Rain,mm,2021-07-08 13:00:00,2024-10-03 14:00:00
ChapmanWx,Chapman,Chapman,54.883903,-126.623533,848,Pressure,mbar,2021-07-08 12:00:00,2024-10-03 14:00:00
ChapmanWx,Chapman,Chapman,54.883903,-126.623533,848,Temp,?C,2021-07-08 12:00:00,2024-10-03 14:00:00
ChapmanWx,Chapman,Chapman,54.883903,-126.623533,848,RH,%,2021-07-08 12:00:00,2024-10-03 14:00:00
ChapmanWx,Chapman,Chapman,54.883903,-126.623533,848,DewPt,?C,2021-07-08 12:00:00,2024-10-03 14:00:00
ChapmanWx,Chapman,Chapman,54.883903,-126.623533,848,Wind Speed,m/s,2021-07-08 12:00:00,2024-10-03 14:00:00
ChapmanWx,Chapman,Chapman,54.883903,-126.623533,848,Gust Speed,m/s,2021-07-08 12:00:00,2024-10-03 14:00:00
ChapmanWx,Chapman,Chapman,54.883903,-126.623533,848,Wind Direction,?,2021-07-08 12:00:00,2024-10-03 14:00:00
ChapmanWx,Chapman,Chapman,54.883903,-126.623533,848,Solar Radiation,W/m?,2021-07-08 12:00:00,2024-10-03 14:00:00
ChapmanWx,Chapman,Chapman,54.883903,-126.623533,848,Water Content,m?/m? 15 cm,2021-07-08 12:00:00,2024-10-03 14:00:00
ChapmanWx,Chapman,Chapman,54.883903,-126.623533,848,WC_cal,m?/m?,2021-07-08 12:00:00,2024-10-03 14:00:00
ChapmanWx,Chapman,Chapman,54.883903,-126.623533,848,Soil Temp,?C,2021-07-08 12:00:00,2024-10-03 14:00:00
ChapmanWx,Chapman,Chapman,54.883903,-126.623533,848,Water Content,m?/m? 5 cm,2021-07-08 12:00:00,2024-10-03 14:00:00
ChapmanWx,Chapman,Chapman,54.883903,-126.623533,848,Water Content,m?/m? 30 cm,2021-07-08 12:00:00,2024-10-03 14:00:00
ChiefLakeWx,ChiefWx,ChiefLk,54.238028,-122.877306,720,Rain,mm,2019-07-05 14:00:00,2024-10-09 10:00:00
ChiefLakeWx,ChiefWx,ChiefLk,54.238028,-122.877306,720,Pressure,mbar,2019-07-05 13:00:00,2024-10-09 10:00:00
ChiefLakeWx,ChiefWx,ChiefLk,54.238028,-122.877306,720,Temp,?C,2019-07-05 13:00:00,2024-10-09 10:00:00
ChiefLakeWx,ChiefWx,ChiefLk,54.238028,-122.877306,720,RH,%,2019-07-05 13:00:00,2024-10-09 10:00:00
ChiefLakeWx,ChiefWx,ChiefLk,54.238028,-122.877306,720,DewPt,?C,2019-07-05 13:00:00,2024-10-09 10:00:00
ChiefLakeWx,ChiefWx,ChiefLk,54.238028,-122.877306,720,Wind Speed,m/s,2019-07-05 13:00:00,2024-10-09 10:00:00
ChiefLakeWx,ChiefWx,ChiefLk,54.238028,-122.877306,720,Gust Speed,m/s,2019-07-05 13:00:00,2024-10-09 10:00:00
ChiefLakeWx,ChiefWx,ChiefLk,54.238028,-122.877306,720,Wind Direction,?,2019-07-05 13:00:00,2024-10-09 10:00:00
ChiefLakeWx,ChiefWx,ChiefLk,54.238028,-122.877306,720,Solar Radiation,W/m?,2019-07-05 13:00:00,2024-10-09 10:00:00
ChiefLakeWx,ChiefWx,ChiefLk,54.238028,-122.877306,720,Wetness,%,2019-07-05 13:00:00,2024-10-09 10:00:00
ChiefLakeWx,ChiefWx,ChiefLk,54.238028,-122.877306,720,Water Content,m?/m? 15 cm,2019-07-05 13:00:00,2024-10-09 10:00:00
ChiefLakeWx,ChiefWx,ChiefLk,54.238028,-122.877306,720,WC_cal,m?/m?,2019-07-05 13:00:00,2024-10-09 10:00:00
ChiefLakeWx,ChiefWx,ChiefLk,54.238028,-122.877306,720,Soil Temp,?C,2024-06-07 12:00:00,2024-10-09 10:00:00
CoalmineWx,CoalmineWx,Coalmine,53.741139,-121.784639,840,Rain,mm,2018-09-14 15:00:00,2024-09-12 12:00:00
CoalmineWx,CoalmineWx,Coalmine,53.741139,-121.784639,840,Pressure,mbar,2018-09-14 14:00:00,2024-09-12 12:00:00
CoalmineWx,CoalmineWx,Coalmine,53.741139,-121.784639,840,Temp,°C,2018-09-14 14:00:00,2024-09-12 12:00:00
CoalmineWx,CoalmineWx,Coalmine,53.741139,-121.784639,840,RH,%,2018-09-14 14:00:00,2024-09-12 12:00:00
CoalmineWx,CoalmineWx,Coalmine,53.741139,-121.784639,840,DewPt,°C,2018-09-14 14:00:00,2024-09-12 12:00:00
CoalmineWx,CoalmineWx,Coalmine,53.741139,-121.784639,840,Wind Speed,m/s,2018-09-14 14:00:00,2024-09-12 12:00:00
CoalmineWx,CoalmineWx,Coalmine,53.741139,-121.784639,840,Gust Speed,m/s,2018-09-14 14:00:00,2024-09-12 12:00:00
CoalmineWx,CoalmineWx,Coalmine,53.741139,-121.784639,840,Wind Direction,ø,2018-09-14 14:00:00,2024-09-12 12:00:00
CoalmineWx,CoalmineWx,Coalmine,53.741139,-121.784639,840,Solar Radiation,W/m²,2018-09-14 14:00:00,2024-09-12 12:00:00
CoalmineWx,CoalmineWx,Coalmine,53.741139,-121.784639,840,Water Content,m³/m³ 15 cm,2019-06-26 10:00:00,2024-09-12 12:00:00
CoalmineWx,CoalmineWx,Coalmine,53.741139,-121.784639,840,WC_cal,m³/m³,2019-06-26 10:00:00,2024-09-12 12:00:00
CoalmineWx,CoalmineWx,Coalmine,53.741139,-121.784639,840,Temp 2,°C,2018-08-29 14:00:00,2024-09-12 12:00:00
CoalmineWx,CoalmineWx,Coalmine,53.741139,-121.784639,840,RH 2,%,2018-08-29 14:00:00,2024-09-12 12:00:00
CoalmineWx,CoalmineWx,Coalmine,53.741139,-121.784639,840,DewPt 2,°C,2018-08-29 14:00:00,2024-09-12 12:00:00
CrookedLk,CrookedLk,Crooked Lake,59.88626,-126.42886,669,Rain,mm,2023-08-08 15:00:00,2024-10-28 10:00:00
CrookedLk,CrookedLk,Crooked Lake,59.88626,-126.42886,669,Pressure,mbar,2023-08-08 14:00:00,2024-10-28 10:00:00
CrookedLk,CrookedLk,Crooked Lake,59.88626,-126.42886,669,Temp,?C,2023-08-08 14:00:00,2024-10-28 10:00:00
CrookedLk,CrookedLk,Crooked Lake,59.88626,-126.42886,669,RH,%,2023-08-08 14:00:00,2024-10-28 10:00:00
CrookedLk,CrookedLk,Crooked Lake,59.88626,-126.42886,669,DewPt,?C,2023-08-08 14:00:00,2024-10-28 10:00:00
CrookedLk,CrookedLk,Crooked Lake,59.88626,-126.42886,669,Wind Speed,m/s,2023-08-08 14:00:00,2024-10-28 10:00:00
CrookedLk,CrookedLk,Crooked Lake,59.88626,-126.42886,669,Gust Speed,m/s,2023-08-08 14:00:00,2024-10-28 10:00:00
CrookedLk,CrookedLk,Crooked Lake,59.88626,-126.42886,669,Wind Direction,°,2023-08-08 14:00:00,2024-10-28 10:00:00
CrookedLk,CrookedLk,Crooked Lake,59.88626,-126.42886,669,Solar Radiation,W/m?,2023-08-08 14:00:00,2024-10-28 10:00:00
CrystalWx,Crystal Lake,CrystalLk,54.423494,-122.627844,744,Rain,mm,2010-04-29 13:00:00,2024-10-18 13:00:00
CrystalWx,Crystal Lake,CrystalLk,54.423494,-122.627844,744,Pressure,mbar,2010-04-29 13:00:00,2024-10-18 13:00:00
CrystalWx,Crystal Lake,CrystalLk,54.423494,-122.627844,744,Temp,°C,2010-04-29 13:00:00,2024-10-18 13:00:00
CrystalWx,Crystal Lake,CrystalLk,54.423494,-122.627844,744,RH,%,2010-04-29 13:00:00,2024-10-18 13:00:00
CrystalWx,Crystal Lake,CrystalLk,54.423494,-122.627844,744,DewPt,°C,2010-04-29 13:00:00,2024-10-18 13:00:00
CrystalWx,Crystal Lake,CrystalLk,54.423494,-122.627844,744,Wind Speed,m/s,2010-04-29 13:00:00,2024-10-18 13:00:00
CrystalWx,Crystal Lake,CrystalLk,54.423494,-122.627844,744,Gust Speed,m/s,2010-04-29 13:00:00,2024-10-18 13:00:00
CrystalWx,Crystal Lake,CrystalLk,54.423494,-122.627844,744,Wind Direction,ø,2010-04-29 13:00:00,2024-10-18 13:00:00
CrystalWx,Crystal Lake,CrystalLk,54.423494,-122.627844,744,Solar Radiation,W/m²,2010-04-29 13:00:00,2024-10-18 13:00:00
CrystalWx,Crystal Lake,CrystalLk,54.423494,-122.627844,744,Wetness,%,2010-04-29 13:00:00,2024-10-18 13:00:00
CrystalWx,Crystal Lake,CrystalLk,54.423494,-122.627844,744,Water Content,m³/m³ 15 cm,2017-09-14 11:00:00,2024-10-18 13:00:00
CrystalWx,Crystal Lake,CrystalLk,54.423494,-122.627844,744,WC_cal,m³/m³,2017-09-14 11:00:00,2024-10-18 13:00:00
CrystalWx,Crystal Lake,CrystalLk,54.423494,-122.627844,744,Soil Temp,°C,2024-08-28 14:00:00,2024-10-18 13:00:00
Dennis,Dennis,Dennis,54.78217,-127.514341,895,Rain,mm,2021-07-07 18:00:00,2024-10-04 09:00:00
Dennis,Dennis,Dennis,54.78217,-127.514341,895,Pressure,mbar,2021-07-07 17:00:00,2024-10-04 09:00:00
Dennis,Dennis,Dennis,54.78217,-127.514341,895,Temp,°C,2021-07-07 17:00:00,2024-10-04 09:00:00
Dennis,Dennis,Dennis,54.78217,-127.514341,895,RH,%,2021-07-07 17:00:00,2024-10-04 09:00:00
Dennis,Dennis,Dennis,54.78217,-127.514341,895,DewPt,°C,2021-07-07 17:00:00,2024-10-04 09:00:00
Dennis,Dennis,Dennis,54.78217,-127.514341,895,Wind Speed,m/s,2021-07-07 17:00:00,2024-10-04 09:00:00
Dennis,Dennis,Dennis,54.78217,-127.514341,895,Gust Speed,m/s,2021-07-07 17:00:00,2024-10-04 09:00:00
Dennis,Dennis,Dennis,54.78217,-127.514341,895,Wind Direction,ø,2021-07-07 17:00:00,2024-10-04 09:00:00
Dennis,Dennis,Dennis,54.78217,-127.514341,895,Solar Radiation,W/m²,2021-07-07 17:00:00,2024-10-04 09:00:00
Dennis,Dennis,Dennis,54.78217,-127.514341,895,Water Content,m³/m³ 15 cm,2021-07-07 17:00:00,2024-10-04 09:00:00
Dennis,Dennis,Dennis,54.78217,-127.514341,895,WC_cal,m³/m³,2022-07-06 13:00:00,2024-10-04 09:00:00
Dennis,Dennis,Dennis,54.78217,-127.514341,895,Soil Temp,°C,2021-07-07 17:00:00,2024-10-04 09:00:00
Dennis,Dennis,Dennis,54.78217,-127.514341,895,Water Content,m³/m³ 5 cm,2021-07-07 17:00:00,2024-10-04 09:00:00
Dennis,Dennis,Dennis,54.78217,-127.514341,895,Water Content,m³/m³ 30 cm,2021-07-07 17:00:00,2024-08-21 21:00:00
DunsterWx,Dunster,Dunster,53.114909,-119.835293,890,Rain,mm,2013-09-05 15:00:00,2025-01-07 14:00:00
DunsterWx,Dunster,Dunster,53.114909,-119.835293,890,Pressure,mbar,2013-09-05 14:00:00,2025-01-07 14:00:00
DunsterWx,Dunster,Dunster,53.114909,-119.835293,890,Temp,°C,2013-09-05 14:00:00,2025-01-07 14:00:00
DunsterWx,Dunster,Dunster,53.114909,-119.835293,890,RH,%,2013-09-05 14:00:00,2025-01-07 14:00:00
DunsterWx,Dunster,Dunster,53.114909,-119.835293,890,DewPt,°C,2013-09-05 14:00:00,2025-01-07 14:00:00
DunsterWx,Dunster,Dunster,53.114909,-119.835293,890,Wind Speed,m/s,2013-09-05 14:00:00,2025-01-07 14:00:00
DunsterWx,Dunster,Dunster,53.114909,-119.835293,890,Gust Speed,m/s,2013-09-05 14:00:00,2025-01-07 14:00:00
DunsterWx,Dunster,Dunster,53.114909,-119.835293,890,Wind Direction,ø,2013-09-05 14:00:00,2025-01-07 14:00:00
DunsterWx,Dunster,Dunster,53.114909,-119.835293,890,Solar Radiation,W/m²,2013-09-05 14:00:00,2025-01-07 14:00:00
DunsterWx,Dunster,Dunster,53.114909,-119.835293,890,Snow depth raw,cm,2023-07-14 11:00:00,2025-01-07 14:00:00
DunsterWx,Dunster,Dunster,53.114909,-119.835293,890,Snow depth,cm,2023-07-14 11:00:00,2025-01-07 14:00:00
DunsterWx,Dunster,Dunster,53.114909,-119.835293,890,Water Content,m³/m³ 15 cm,2016-07-27 07:00:00,2025-01-07 14:00:00
DunsterWx,Dunster,Dunster,53.114909,-119.835293,890,WC_cal,m³/m³,2016-08-08 19:00:00,2025-01-07 14:00:00
DunsterWx,Dunster,Dunster,53.114909,-119.835293,890,Rain2,mm,2023-07-14 11:00:00,2025-01-07 14:00:00
EndakoWx,Endako,Endako,54.422392,-125.991293,851,Rain,mm,2007-09-13 13:00:00,2024-09-24 12:00:00
EndakoWx,Endako,Endako,54.422392,-125.991293,851,Pressure,mbar,2007-09-13 13:00:00,2024-09-24 12:00:00
EndakoWx,Endako,Endako,54.422392,-125.991293,851,Temp,?C,2007-09-13 13:00:00,2024-09-24 12:00:00
EndakoWx,Endako,Endako,54.422392,-125.991293,851,RH,%,2007-09-13 13:00:00,2024-09-24 12:00:00
EndakoWx,Endako,Endako,54.422392,-125.991293,851,DewPt,?C,2007-09-13 13:00:00,2024-09-24 12:00:00
EndakoWx,Endako,Endako,54.422392,-125.991293,851,Wind Speed,m/s,2007-09-13 13:00:00,2024-09-24 12:00:00
EndakoWx,Endako,Endako,54.422392,-125.991293,851,Gust Speed,m/s,2007-09-13 13:00:00,2024-09-24 12:00:00
EndakoWx,Endako,Endako,54.422392,-125.991293,851,Wind Direction,?,2007-09-13 13:00:00,2024-09-24 12:00:00
EndakoWx,Endako,Endako,54.422392,-125.991293,851,Solar Radiation,W/m?,2007-09-13 13:00:00,2024-09-24 12:00:00
EndakoWx,Endako,Endako,54.422392,-125.991293,851,Wetness,%,2007-09-13 13:00:00,2024-09-24 12:00:00
EndakoWx,Endako,Endako,54.422392,-125.991293,851,Water Content,m?/m? 15 cm,2017-05-26 10:00:00,2024-09-24 12:00:00
EndakoWx,Endako,Endako,54.422392,-125.991293,851,WC_cal,m?/m?,2017-05-26 10:00:00,2024-09-24 12:00:00
EndakoWx,Endako,Endako,54.422392,-125.991293,851,Soil Temp,?C,2024-06-20 14:00:00,2024-09-24 12:00:00
GeorgeWx,George,George,53.883555,-124.710668,859,Rain,mm,2007-09-14 12:00:00,2024-09-18 09:00:00
GeorgeWx,George,George,53.883555,-124.710668,859,Pressure,mbar,2007-09-14 12:00:00,2024-09-18 11:00:00
GeorgeWx,George,George,53.883555,-124.710668,859,Temp,?C,2007-09-14 12:00:00,2024-09-18 11:00:00
GeorgeWx,George,George,53.883555,-124.710668,859,RH,%,2007-09-14 12:00:00,2024-09-18 11:00:00
GeorgeWx,George,George,53.883555,-124.710668,859,DewPt,?C,2007-09-14 12:00:00,2024-09-18 11:00:00
GeorgeWx,George,George,53.883555,-124.710668,859,Wind Speed,m/s,2007-09-14 12:00:00,2024-09-18 11:00:00
GeorgeWx,George,George,53.883555,-124.710668,859,Gust Speed,m/s,2007-09-14 12:00:00,2024-09-18 11:00:00
GeorgeWx,George,George,53.883555,-124.710668,859,Wind Direction,°,2007-09-14 12:00:00,2024-09-18 11:00:00
GeorgeWx,George,George,53.883555,-124.710668,859,Solar Radiation,W/m?,2007-09-14 12:00:00,2024-09-18 11:00:00
GeorgeWx,George,George,53.883555,-124.710668,859,Wetness,%,2007-09-14 12:00:00,2024-09-18 11:00:00
GeorgeWx,George,George,53.883555,-124.710668,859,Water Content,m?/m? 15 cm,2016-09-28 14:00:00,2024-09-18 11:00:00
GeorgeWx,George,George,53.883555,-124.710668,859,WC_cal,m?/m?,2016-09-28 14:00:00,2024-09-18 11:00:00
GeorgeWx,George,George,53.883555,-124.710668,859,Soil Temp,?C,2023-08-22 12:00:00,2024-09-18 11:00:00
GunnelWx,Gunnel1,Gunnel,58.75475,-123.977683,1460,Rain,mm,2018-08-15 14:00:00,2022-09-27 13:00:00
GunnelWx,Gunnel1,Gunnel,58.75475,-123.977683,1460,Pressure,mbar,2018-08-15 13:00:00,2022-09-27 13:00:00
GunnelWx,Gunnel1,Gunnel,58.75475,-123.977683,1460,Temp,°C,2018-08-15 13:00:00,2022-09-27 13:00:00
GunnelWx,Gunnel1,Gunnel,58.75475,-123.977683,1460,RH,%,2018-08-15 13:00:00,2022-09-27 13:00:00
GunnelWx,Gunnel1,Gunnel,58.75475,-123.977683,1460,DewPt,°C,2018-08-15 13:00:00,2022-09-27 13:00:00
GunnelWx,Gunnel1,Gunnel,58.75475,-123.977683,1460,Wind Speed,m/s,2018-08-15 13:00:00,2022-09-27 13:00:00
GunnelWx,Gunnel1,Gunnel,58.75475,-123.977683,1460,Gust Speed,m/s,2018-08-15 13:00:00,2022-09-27 13:00:00
GunnelWx,Gunnel1,Gunnel,58.75475,-123.977683,1460,Wind Direction,ø,2018-08-15 13:00:00,2022-09-27 13:00:00
GunnelWx,Gunnel1,Gunnel,58.75475,-123.977683,1460,Solar Radiation,W/m²,2018-08-15 13:00:00,2022-09-27 13:00:00
HourglassWx,Hourglass ,Hourglass,55.21275,-120.771635,1131,Rain,mm,2012-05-23 18:00:00,2025-01-07 15:00:00
HourglassWx,Hourglass ,Hourglass,55.21275,-120.771635,1131,Pressure,mbar,2012-05-23 17:00:00,2025-01-07 15:00:00
HourglassWx,Hourglass ,Hourglass,55.21275,-120.771635,1131,Temp,°C,2012-05-23 17:00:00,2025-01-07 15:00:00
HourglassWx,Hourglass ,Hourglass,55.21275,-120.771635,1131,RH,%,2012-05-23 17:00:00,2025-01-07 15:00:00
HourglassWx,Hourglass ,Hourglass,55.21275,-120.771635,1131,DewPt,°C,2012-05-23 17:00:00,2025-01-07 15:00:00
HourglassWx,Hourglass ,Hourglass,55.21275,-120.771635,1131,Wind Speed,m/s,2012-05-23 17:00:00,2025-01-07 15:00:00
HourglassWx,Hourglass ,Hourglass,55.21275,-120.771635,1131,Gust Speed,m/s,2012-05-23 17:00:00,2025-01-07 15:00:00
HourglassWx,Hourglass ,Hourglass,55.21275,-120.771635,1131,Wind Direction,ø,2012-05-23 17:00:00,2025-01-07 15:00:00
HourglassWx,Hourglass ,Hourglass,55.21275,-120.771635,1131,Solar Radiation,W/m²,2012-05-23 17:00:00,2025-01-07 15:00:00
HourglassWx,Hourglass ,Hourglass,55.21275,-120.771635,1131,Snow depth raw,cm,2016-10-27 12:00:00,2025-01-07 15:00:00
HourglassWx,Hourglass ,Hourglass,55.21275,-120.771635,1131,Snow depth,cm,2016-10-27 12:00:00,2025-01-07 15:00:00
HourglassWx,Hourglass ,Hourglass,55.21275,-120.771635,1131,Water Content,m³/m³ 15 cm,2019-07-16 16:00:00,2025-01-07 15:00:00
HourglassWx,Hourglass ,Hourglass,55.21275,-120.771635,1131,WC_cal,m³/m³,2019-07-16 16:00:00,2025-01-07 15:00:00
HourglassWx,Hourglass ,Hourglass,55.21275,-120.771635,1131,Soil Temp,°C,2024-07-17 14:00:00,2024-07-20 09:00:00
Hudson Bay Mtn2,HBMtn2,HudsonBayMtn2,54.77375,-127.27216,1670,Rain,mm,2017-08-25 14:00:00,2025-01-09 06:00:00
Hudson Bay Mtn2,HBMtn2,HudsonBayMtn2,54.77375,-127.27216,1670,Pressure,mbar,2017-08-25 13:00:00,2025-01-09 06:00:00
Hudson Bay Mtn2,HBMtn2,HudsonBayMtn2,54.77375,-127.27216,1670,Temp,?C,2017-08-25 13:00:00,2025-01-09 06:00:00
Hudson Bay Mtn2,HBMtn2,HudsonBayMtn2,54.77375,-127.27216,1670,RH,%,2017-08-25 13:00:00,2025-01-09 06:00:00
Hudson Bay Mtn2,HBMtn2,HudsonBayMtn2,54.77375,-127.27216,1670,DewPt,?C,2017-08-25 13:00:00,2025-01-09 06:00:00
Hudson Bay Mtn2,HBMtn2,HudsonBayMtn2,54.77375,-127.27216,1670,Wind Speed,m/s,2017-08-25 13:00:00,2025-01-09 06:00:00
Hudson Bay Mtn2,HBMtn2,HudsonBayMtn2,54.77375,-127.27216,1670,Gust Speed,m/s,2017-08-25 13:00:00,2025-01-09 06:00:00
Hudson Bay Mtn2,HBMtn2,HudsonBayMtn2,54.77375,-127.27216,1670,Wind Direction,°,2017-08-25 13:00:00,2025-01-09 06:00:00
Hudson Bay Mtn2,HBMtn2,HudsonBayMtn2,54.77375,-127.27216,1670,Solar Radiation,W/m?,2017-08-25 13:00:00,2025-01-09 06:00:00
IBB2Wx,IBB2,IBB2 Ganokwa Canyon,54.81127,-126.92067,967,Rain,mm,2024-07-25 14:00:00,2024-09-16 14:00:00
IBB2Wx,IBB2,IBB2 Ganokwa Canyon,54.81127,-126.92067,967,Pressure,mbar,2024-07-25 13:00:00,2024-09-16 14:00:00
IBB2Wx,IBB2,IBB2 Ganokwa Canyon,54.81127,-126.92067,967,Temp,°C,2024-07-25 13:00:00,2024-09-16 14:00:00
IBB2Wx,IBB2,IBB2 Ganokwa Canyon,54.81127,-126.92067,967,RH,%,2024-07-25 13:00:00,2024-09-16 14:00:00
IBB2Wx,IBB2,IBB2 Ganokwa Canyon,54.81127,-126.92067,967,DewPt,°C,2024-07-25 13:00:00,2024-09-16 14:00:00
IBB2Wx,IBB2,IBB2 Ganokwa Canyon,54.81127,-126.92067,967,Wind Speed,m/s,2024-07-25 13:00:00,2024-09-16 14:00:00
IBB2Wx,IBB2,IBB2 Ganokwa Canyon,54.81127,-126.92067,967,Gust Speed,m/s,2024-07-25 13:00:00,2024-09-16 14:00:00
IBB2Wx,IBB2,IBB2 Ganokwa Canyon,54.81127,-126.92067,967,Wind Direction,ø,2024-07-25 13:00:00,2024-09-16 14:00:00
IBB2Wx,IBB2,IBB2 Ganokwa Canyon,54.81127,-126.92067,967,Solar Radiation,W/m²,2024-07-25 13:00:00,2024-09-16 14:00:00
IBB2Wx,IBB2,IBB2 Ganokwa Canyon,54.81127,-126.92067,967,Wetness,%,2024-07-25 13:00:00,2024-09-16 14:00:00
IBB2Wx,IBB2,IBB2 Ganokwa Canyon,54.81127,-126.92067,967,Water Content,m³/m³ 15 cm,2024-07-25 13:00:00,2024-09-16 14:00:00
IBB2Wx,IBB2,IBB2 Ganokwa Canyon,54.81127,-126.92067,967,Soil Temp,°C,2024-07-25 13:00:00,2024-09-16 14:00:00
IBB3Wx,IBB3,IBB3 Pine Creek,54.71172,-127.30577,960,Rain,mm,2023-09-20 15:00:00,2024-09-16 11:00:00
IBB3Wx,IBB3,IBB3 Pine Creek,54.71172,-127.30577,960,Pressure,mbar,2023-09-20 14:00:00,2024-09-16 11:00:00
IBB3Wx,IBB3,IBB3 Pine Creek,54.71172,-127.30577,960,Temp,°C,2023-09-20 14:00:00,2024-09-16 11:00:00
IBB3Wx,IBB3,IBB3 Pine Creek,54.71172,-127.30577,960,RH,%,2023-09-20 14:00:00,2024-09-16 11:00:00
IBB3Wx,IBB3,IBB3 Pine Creek,54.71172,-127.30577,960,DewPt,°C,2023-09-20 14:00:00,2024-09-16 11:00:00
IBB3Wx,IBB3,IBB3 Pine Creek,54.71172,-127.30577,960,Wind Speed,m/s,2023-09-20 14:00:00,2024-09-16 11:00:00
IBB3Wx,IBB3,IBB3 Pine Creek,54.71172,-127.30577,960,Gust Speed,m/s,2023-09-20 14:00:00,2024-09-16 11:00:00
IBB3Wx,IBB3,IBB3 Pine Creek,54.71172,-127.30577,960,Wind Direction,ø,2023-09-20 14:00:00,2024-09-16 11:00:00
IBB3Wx,IBB3,IBB3 Pine Creek,54.71172,-127.30577,960,Solar Radiation,W/m²,2023-09-20 14:00:00,2024-09-16 11:00:00
IBB3Wx,IBB3,IBB3 Pine Creek,54.71172,-127.30577,960,Wetness,%,2023-09-20 14:00:00,2024-09-16 11:00:00
IBB3Wx,IBB3,IBB3 Pine Creek,54.71172,-127.30577,960,Water Content,m³/m³ 15 cm,2023-09-20 14:00:00,2024-09-16 11:00:00
IBB3Wx,IBB3,IBB3 Pine Creek,54.71172,-127.30577,960,Soil Temp,°C,2023-09-20 14:00:00,2024-09-16 11:00:00
Inklin,Inklin,Inklin,58.900859,-133.140416,101,Rain,mm,2023-06-15 17:00:00,2024-04-18 23:00:00
Inklin,Inklin,Inklin,58.900859,-133.140416,101,Pressure,mbar,2023-06-15 16:00:00,2024-08-10 14:00:00
Inklin,Inklin,Inklin,58.900859,-133.140416,101,Temp,?C,2023-11-01 12:00:00,2024-08-10 14:00:00
Inklin,Inklin,Inklin,58.900859,-133.140416,101,RH,%,2023-06-15 16:00:00,2024-08-10 14:00:00
Inklin,Inklin,Inklin,58.900859,-133.140416,101,DewPt,?C,2023-11-01 12:00:00,2024-08-10 14:00:00
Inklin,Inklin,Inklin,58.900859,-133.140416,101,Wind Speed,m/s,2023-06-15 16:00:00,2024-08-10 14:00:00
Inklin,Inklin,Inklin,58.900859,-133.140416,101,Gust Speed,m/s,2023-06-15 16:00:00,2024-08-10 14:00:00
Inklin,Inklin,Inklin,58.900859,-133.140416,101,Wind Direction,°,2023-06-15 16:00:00,2024-08-10 14:00:00
Inklin,Inklin,Inklin,58.900859,-133.140416,101,Solar Radiation,W/m?,2023-06-15 16:00:00,2024-08-10 14:00:00
Kluskus,SBSmc3Wx,Kluskus,53.397852,-124.513069,1110,Rain,mm,2010-07-15 18:00:00,2024-09-16 11:00:00
Kluskus,SBSmc3Wx,Kluskus,53.397852,-124.513069,1110,Pressure,mbar,2010-07-15 17:00:00,2024-09-16 11:00:00
Kluskus,SBSmc3Wx,Kluskus,53.397852,-124.513069,1110,Temp,°C,2010-07-15 17:00:00,2024-09-16 11:00:00
Kluskus,SBSmc3Wx,Kluskus,53.397852,-124.513069,1110,RH,%,2010-07-15 17:00:00,2024-09-16 11:00:00
Kluskus,SBSmc3Wx,Kluskus,53.397852,-124.513069,1110,DewPt,°C,2010-07-15 17:00:00,2024-09-16 11:00:00
Kluskus,SBSmc3Wx,Kluskus,53.397852,-124.513069,1110,Wind Speed,m/s,2010-07-15 17:00:00,2024-09-16 11:00:00
Kluskus,SBSmc3Wx,Kluskus,53.397852,-124.513069,1110,Gust Speed,m/s,2010-07-15 17:00:00,2024-09-16 11:00:00
Kluskus,SBSmc3Wx,Kluskus,53.397852,-124.513069,1110,Wind Direction,ø,2010-07-15 17:00:00,2024-09-16 11:00:00
Kluskus,SBSmc3Wx,Kluskus,53.397852,-124.513069,1110,Solar Radiation,W/m²,2010-07-15 17:00:00,2024-09-16 11:00:00
Kluskus,SBSmc3Wx,Kluskus,53.397852,-124.513069,1110,Water Content,m³/m³ 15 cm,2016-07-13 13:00:00,2024-09-16 11:00:00
Kluskus,SBSmc3Wx,Kluskus,53.397852,-124.513069,1110,WC_cal,m³/m³,2016-07-13 13:00:00,2024-09-16 11:00:00
Kluskus,SBSmc3Wx,Kluskus,53.397852,-124.513069,1110,Soil Temp,°C,2024-06-13 13:00:00,2024-09-16 10:00:00
Kluskus,SBSmc3Wx,Kluskus,53.397852,-124.513069,1110,Temp 2,°C,2023-10-12 12:00:00,2024-09-16 10:00:00
Kluskus,SBSmc3Wx,Kluskus,53.397852,-124.513069,1110,RH 2,%,2023-10-12 12:00:00,2024-09-16 10:00:00
Kluskus,SBSmc3Wx,Kluskus,53.397852,-124.513069,1110,DewPt 2,°C,2023-10-12 12:00:00,2024-09-16 10:00:00
MacJxnWx,Mackenzie Jxn,MacJxn,55.137858,-122.977243,719,Rain,mm,2010-04-28 14:00:00,2024-08-28 09:00:00
MacJxnWx,Mackenzie Jxn,MacJxn,55.137858,-122.977243,719,Pressure,mbar,2010-04-28 14:00:00,2024-08-28 09:00:00
MacJxnWx,Mackenzie Jxn,MacJxn,55.137858,-122.977243,719,Temp,°C,2010-04-28 14:00:00,2024-08-28 09:00:00
MacJxnWx,Mackenzie Jxn,MacJxn,55.137858,-122.977243,719,RH,%,2010-04-28 14:00:00,2024-08-28 09:00:00
MacJxnWx,Mackenzie Jxn,MacJxn,55.137858,-122.977243,719,DewPt,°C,2010-04-28 14:00:00,2024-08-28 09:00:00
MacJxnWx,Mackenzie Jxn,MacJxn,55.137858,-122.977243,719,Wind Speed,m/s,2010-04-28 14:00:00,2024-07-24 11:00:00
MacJxnWx,Mackenzie Jxn,MacJxn,55.137858,-122.977243,719,Gust Speed,m/s,2010-04-28 14:00:00,2024-07-24 11:00:00
MacJxnWx,Mackenzie Jxn,MacJxn,55.137858,-122.977243,719,Wind Direction,ø,2010-04-28 14:00:00,2024-08-28 09:00:00
MacJxnWx,Mackenzie Jxn,MacJxn,55.137858,-122.977243,719,Solar Radiation,W/m²,2010-04-28 14:00:00,2024-08-28 09:00:00
MacJxnWx,Mackenzie Jxn,MacJxn,55.137858,-122.977243,719,Wetness,%,2010-04-28 14:00:00,2024-08-28 09:00:00
MacJxnWx,Mackenzie Jxn,MacJxn,55.137858,-122.977243,719,Water Content,m³/m³ 15 cm,2017-06-22 11:00:00,2024-08-28 09:00:00
MacJxnWx,Mackenzie Jxn,MacJxn,55.137858,-122.977243,719,WC_cal,m³/m³,2017-06-22 11:00:00,2024-08-28 09:00:00
MiddleforkWx,MF1,Middlefork,57.550917,-122.7963,972,Rain,mm,2007-07-11 21:00:00,2024-08-14 12:00:00
MiddleforkWx,MF1,Middlefork,57.550917,-122.7963,972,Pressure,mbar,2007-07-11 20:00:00,2024-08-14 12:00:00
MiddleforkWx,MF1,Middlefork,57.550917,-122.7963,972,Temp,°C,2007-07-11 20:00:00,2024-08-14 12:00:00
MiddleforkWx,MF1,Middlefork,57.550917,-122.7963,972,RH,%,2007-07-11 20:00:00,2024-08-14 12:00:00
MiddleforkWx,MF1,Middlefork,57.550917,-122.7963,972,DewPt,°C,2007-07-11 20:00:00,2024-08-14 12:00:00
MiddleforkWx,MF1,Middlefork,57.550917,-122.7963,972,Wind Speed,m/s,2007-07-11 20:00:00,2024-08-14 12:00:00
MiddleforkWx,MF1,Middlefork,57.550917,-122.7963,972,Gust Speed,m/s,2007-07-11 20:00:00,2024-08-14 12:00:00
MiddleforkWx,MF1,Middlefork,57.550917,-122.7963,972,Wind Direction,ø,2007-07-11 20:00:00,2024-08-14 12:00:00
MiddleforkWx,MF1,Middlefork,57.550917,-122.7963,972,Solar Radiation,W/m²,2007-07-11 20:00:00,2024-08-14 12:00:00
MiddleforkWx,MF1,Middlefork,57.550917,-122.7963,972,Water Content,m³/m³ 15 cm,2019-08-11 11:00:00,2024-08-14 12:00:00
MiddleforkWx,MF1,Middlefork,57.550917,-122.7963,972,WC_cal,m³/m³,2019-08-11 11:00:00,2024-08-14 12:00:00
NondaWx,Nonda1,NondaWx,59.002111,-125.509361,1683,Rain,mm,2007-07-12 16:00:00,2025-01-09 08:00:00
NondaWx,Nonda1,NondaWx,59.002111,-125.509361,1683,Pressure,mbar,2007-07-12 16:00:00,2025-01-09 08:00:00
NondaWx,Nonda1,NondaWx,59.002111,-125.509361,1683,Temp,°C,2007-07-12 16:00:00,2025-01-09 08:00:00
NondaWx,Nonda1,NondaWx,59.002111,-125.509361,1683,RH,%,2007-07-12 16:00:00,2025-01-09 08:00:00
NondaWx,Nonda1,NondaWx,59.002111,-125.509361,1683,DewPt,°C,2007-07-12 16:00:00,2025-01-09 08:00:00
NondaWx,Nonda1,NondaWx,59.002111,-125.509361,1683,Wind Speed,m/s,2007-07-12 16:00:00,2024-07-19 09:00:00
NondaWx,Nonda1,NondaWx,59.002111,-125.509361,1683,Gust Speed,m/s,2007-07-12 16:00:00,2024-07-19 09:00:00
NondaWx,Nonda1,NondaWx,59.002111,-125.509361,1683,Wind Direction,ø,2007-07-12 16:00:00,2024-07-19 09:00:00
NondaWx,Nonda1,NondaWx,59.002111,-125.509361,1683,Solar Radiation,W/m²,2007-07-12 16:00:00,2025-01-09 08:00:00
NondaWx,Nonda1,NondaWx,59.002111,-125.509361,1683,Temp 2,°C,2019-08-10 11:00:00,2024-07-20 22:00:00
NondaWx,Nonda1,NondaWx,59.002111,-125.509361,1683,RH 2,%,2019-08-10 11:00:00,2024-07-20 22:00:00
NondaWx,Nonda1,NondaWx,59.002111,-125.509361,1683,DewPt 2,°C,2019-08-10 11:00:00,2024-07-20 22:00:00
PinkWx,Pink1,PinkMtnWx,57.06163,-122.86491,1756,Rain,mm,2008-09-08 16:00:00,2025-01-09 08:00:00
PinkWx,Pink1,PinkMtnWx,57.06163,-122.86491,1756,Pressure,mbar,2008-09-08 16:00:00,2025-01-09 08:00:00
PinkWx,Pink1,PinkMtnWx,57.06163,-122.86491,1756,Temp,°C,2008-09-08 16:00:00,2025-01-09 08:00:00
PinkWx,Pink1,PinkMtnWx,57.06163,-122.86491,1756,RH,%,2008-09-08 16:00:00,2025-01-09 08:00:00
PinkWx,Pink1,PinkMtnWx,57.06163,-122.86491,1756,DewPt,°C,2008-09-08 16:00:00,2025-01-09 08:00:00
PinkWx,Pink1,PinkMtnWx,57.06163,-122.86491,1756,Wind Speed,m/s,2008-09-08 16:00:00,2025-01-09 08:00:00
PinkWx,Pink1,PinkMtnWx,57.06163,-122.86491,1756,Gust Speed,m/s,2008-09-08 16:00:00,2025-01-09 08:00:00
PinkWx,Pink1,PinkMtnWx,57.06163,-122.86491,1756,Wind Direction,ø,2008-09-08 16:00:00,2025-01-09 08:00:00
PinkWx,Pink1,PinkMtnWx,57.06163,-122.86491,1756,Solar Radiation,W/m²,2008-09-08 16:00:00,2025-01-09 08:00:00
PinkWx,Pink1,PinkMtnWx,57.06163,-122.86491,1756,Temp 2,°C,2024-08-15 10:00:00,2025-01-09 08:00:00
PinkWx,Pink1,PinkMtnWx,57.06163,-122.86491,1756,RH 2,%,2024-08-15 10:00:00,2025-01-09 08:00:00
PinkWx,Pink1,PinkMtnWx,57.06163,-122.86491,1756,DewPt 2,°C,2024-08-15 10:00:00,2025-01-09 08:00:00
PinkWx,Pink1,PinkMtnWx,57.06163,-122.86491,1756,Rain raw,mm,2008-09-08 16:00:00,2025-01-09 08:00:00
SaxtonWx,Saxton,SaxtonLakeWx,54.027523,-123.300774,718,Rain,mm,2007-07-04 10:00:00,2024-10-09 08:00:00
SaxtonWx,Saxton,SaxtonLakeWx,54.027523,-123.300774,718,Pressure,mbar,2007-07-04 10:00:00,2024-10-09 08:00:00
SaxtonWx,Saxton,SaxtonLakeWx,54.027523,-123.300774,718,Temp,?C,2007-07-04 10:00:00,2024-10-09 08:00:00
SaxtonWx,Saxton,SaxtonLakeWx,54.027523,-123.300774,718,RH,%,2007-07-04 10:00:00,2024-10-09 08:00:00
SaxtonWx,Saxton,SaxtonLakeWx,54.027523,-123.300774,718,DewPt,?C,2007-07-04 10:00:00,2024-10-09 08:00:00
SaxtonWx,Saxton,SaxtonLakeWx,54.027523,-123.300774,718,Wind Speed,m/s,2007-07-04 10:00:00,2024-10-09 08:00:00
SaxtonWx,Saxton,SaxtonLakeWx,54.027523,-123.300774,718,Gust Speed,m/s,2007-07-04 10:00:00,2024-10-09 08:00:00
SaxtonWx,Saxton,SaxtonLakeWx,54.027523,-123.300774,718,Wind Direction,?,2007-07-04 10:00:00,2024-10-09 08:00:00
SaxtonWx,Saxton,SaxtonLakeWx,54.027523,-123.300774,718,Solar Radiation,W/m?,2007-07-04 10:00:00,2024-10-09 08:00:00
SaxtonWx,Saxton,SaxtonLakeWx,54.027523,-123.300774,718,Water Content,m?/m? 15 cm,2017-06-16 11:00:00,2024-10-09 08:00:00
SaxtonWx,Saxton,SaxtonLakeWx,54.027523,-123.300774,718,WC_cal,m?/m?,2017-06-16 11:00:00,2024-10-09 08:00:00
SaxtonWx,Saxton,SaxtonLakeWx,54.027523,-123.300774,718,Water Content,m?/m? 5 cm,2017-06-16 11:00:00,2024-10-09 08:00:00
SaxtonWx,Saxton,SaxtonLakeWx,54.027523,-123.300774,718,Temp 2,?C,2018-05-17 10:00:00,2024-10-09 08:00:00
SaxtonWx,Saxton,SaxtonLakeWx,54.027523,-123.300774,718,RH 2,%,2018-05-17 10:00:00,2024-10-09 08:00:00
SaxtonWx,Saxton,SaxtonLakeWx,54.027523,-123.300774,718,DewPt 2,?C,2018-05-17 10:00:00,2024-10-09 08:00:00
SeebachWx,Seebach,Seebach,54.355,122.058,780,Rain,mm,2023-07-13 13:00:00,2024-09-26 10:11:00
SeebachWx,Seebach,Seebach,54.355,122.058,780,Pressure,mbar,2023-07-13 12:00:00,2024-09-26 10:11:00
SeebachWx,Seebach,Seebach,54.355,122.058,780,Temp,°C,2023-07-13 12:00:00,2024-09-26 10:11:00
SeebachWx,Seebach,Seebach,54.355,122.058,780,RH,%,2023-07-13 12:00:00,2024-09-26 10:11:00
SeebachWx,Seebach,Seebach,54.355,122.058,780,DewPt,°C,2023-07-13 12:00:00,2024-09-26 10:11:00
SeebachWx,Seebach,Seebach,54.355,122.058,780,Wind Speed,m/s,2023-07-13 12:00:00,2024-09-26 10:11:00
SeebachWx,Seebach,Seebach,54.355,122.058,780,Gust Speed,m/s,2023-07-13 12:00:00,2024-09-26 10:11:00
SeebachWx,Seebach,Seebach,54.355,122.058,780,Wind Direction,ø,2023-07-13 12:00:00,2024-09-26 10:11:00
SeebachWx,Seebach,Seebach,54.355,122.058,780,Solar Radiation,W/m²,2023-07-13 12:00:00,2024-09-26 10:11:00
SeebachWx,Seebach,Seebach,54.355,122.058,780,Wetness,%,2023-07-13 12:00:00,2024-09-26 10:11:00
SeebachWx,Seebach,Seebach,54.355,122.058,780,Water Content,m³/m³ 15 cm,2023-07-13 12:00:00,2024-09-26 10:11:00
SeebachWx,Seebach,Seebach,54.355,122.058,780,Soil Temp,°C,2023-07-13 12:00:00,2024-09-26 10:11:00
Sunbeam,Mcbride Mountain Stn,Sunbeam,53.33869,-120.12108,2000,Rain,mm,2009-09-09 17:00:00,2025-01-09 08:00:00
Sunbeam,Mcbride Mountain Stn,Sunbeam,53.33869,-120.12108,2000,Pressure,mbar,2009-09-09 16:00:00,2025-01-09 08:00:00
Sunbeam,Mcbride Mountain Stn,Sunbeam,53.33869,-120.12108,2000,Temp,°C,2009-09-09 16:00:00,2025-01-09 08:00:00
Sunbeam,Mcbride Mountain Stn,Sunbeam,53.33869,-120.12108,2000,RH,%,2009-09-09 16:00:00,2025-01-09 08:00:00
Sunbeam,Mcbride Mountain Stn,Sunbeam,53.33869,-120.12108,2000,DewPt,°C,2012-08-17 12:00:00,2025-01-09 08:00:00
Sunbeam,Mcbride Mountain Stn,Sunbeam,53.33869,-120.12108,2000,Wind Speed,m/s,2009-09-09 16:00:00,2025-01-09 08:00:00
Sunbeam,Mcbride Mountain Stn,Sunbeam,53.33869,-120.12108,2000,Gust Speed,m/s,2009-09-09 16:00:00,2025-01-09 08:00:00
Sunbeam,Mcbride Mountain Stn,Sunbeam,53.33869,-120.12108,2000,Wind Direction,ø,2009-09-09 16:00:00,2025-01-09 08:00:00
Sunbeam,Mcbride Mountain Stn,Sunbeam,53.33869,-120.12108,2000,Solar Radiation,W/m²,2009-09-09 16:00:00,2025-01-09 08:00:00
Sunbeam,Mcbride Mountain Stn,Sunbeam,53.33869,-120.12108,2000,Snow depth raw,cm,2022-09-28 09:00:00,2023-09-15 10:00:00
Sunbeam,Mcbride Mountain Stn,Sunbeam,53.33869,-120.12108,2000,Snow depth,cm,2022-09-28 09:00:00,2023-09-15 10:00:00
Sunbeam,Mcbride Mountain Stn,Sunbeam,53.33869,-120.12108,2000,Temp 2,°C,2023-09-15 12:00:00,2025-01-09 08:00:00
Sunbeam,Mcbride Mountain Stn,Sunbeam,53.33869,-120.12108,2000,RH 2,%,2023-09-15 12:00:00,2025-01-09 08:00:00
Sunbeam,Mcbride Mountain Stn,Sunbeam,53.33869,-120.12108,2000,DewPt 2,°C,2023-09-15 12:00:00,2025-01-09 08:00:00
Tamarac,Bednesti,Tamarac,53.871334,-123.370441,865,Rain,mm,2021-07-29 14:00:00,2024-10-10 12:00:00
Tamarac,Bednesti,Tamarac,53.871334,-123.370441,865,Temp,°C,2021-07-29 13:00:00,2024-07-22 03:00:00
Tamarac,Bednesti,Tamarac,53.871334,-123.370441,865,RH,%,2021-07-29 13:00:00,2024-07-22 03:00:00
Tamarac,Bednesti,Tamarac,53.871334,-123.370441,865,DewPt,°C,2021-07-29 13:00:00,2024-07-22 03:00:00
Tamarac,Bednesti,Tamarac,53.871334,-123.370441,865,Wind Speed,m/s,2021-07-29 13:00:00,2024-10-10 12:00:00
Tamarac,Bednesti,Tamarac,53.871334,-123.370441,865,Gust Speed,m/s,2021-07-29 13:00:00,2024-10-10 12:00:00
Tamarac,Bednesti,Tamarac,53.871334,-123.370441,865,Water Content,m³/m³ 15 cm,2021-07-21 15:00:00,2024-07-18 20:00:00
Tamarac,Bednesti,Tamarac,53.871334,-123.370441,865,WC_cal,m³/m³,2021-07-21 15:00:00,2024-07-18 20:00:00
Tamarac,Bednesti,Tamarac,53.871334,-123.370441,865,Soil Temp,°C,2021-07-21 15:00:00,2024-07-18 06:00:00
Tamarac,Bednesti,Tamarac,53.871334,-123.370441,865,Water Content,m³/m³ 5 cm,2021-07-21 15:00:00,2024-07-18 21:00:00
Tamarac,Bednesti,Tamarac,53.871334,-123.370441,865,Water Content,m³/m³ 30 cm,2021-07-21 15:00:00,2024-07-18 20:00:00
ThompsonWx,Thompson,Thompson,54.333115,-126.099445,869,Rain,mm,2007-09-12 17:00:00,2024-09-24 10:00:00
ThompsonWx,Thompson,Thompson,54.333115,-126.099445,869,Pressure,mbar,2007-09-12 17:00:00,2024-09-24 10:00:00
ThompsonWx,Thompson,Thompson,54.333115,-126.099445,869,Temp,?C,2007-09-12 17:00:00,2024-09-24 10:00:00
ThompsonWx,Thompson,Thompson,54.333115,-126.099445,869,RH,%,2007-09-12 17:00:00,2024-09-24 10:00:00
ThompsonWx,Thompson,Thompson,54.333115,-126.099445,869,DewPt,?C,2007-09-12 17:00:00,2024-09-24 10:00:00
ThompsonWx,Thompson,Thompson,54.333115,-126.099445,869,Wind Speed,m/s,2007-09-12 17:00:00,2024-09-24 10:00:00
ThompsonWx,Thompson,Thompson,54.333115,-126.099445,869,Gust Speed,m/s,2007-09-12 17:00:00,2024-09-24 10:00:00
ThompsonWx,Thompson,Thompson,54.333115,-126.099445,869,Wind Direction,°,2007-09-12 17:00:00,2024-09-24 10:00:00
ThompsonWx,Thompson,Thompson,54.333115,-126.099445,869,Solar Radiation,W/m?,2007-09-12 17:00:00,2024-09-24 10:00:00
ThompsonWx,Thompson,Thompson,54.333115,-126.099445,869,Wetness,%,2007-09-12 17:00:00,2024-09-24 10:00:00
ThompsonWx,Thompson,Thompson,54.333115,-126.099445,869,Water Content,m?/m? 15 cm,2016-09-29 12:00:00,2024-09-24 10:00:00
ThompsonWx,Thompson,Thompson,54.333115,-126.099445,869,WC_cal,m?/m?,2016-09-29 12:00:00,2024-08-11 04:00:00
ThompsonWx,Thompson,Thompson,54.333115,-126.099445,869,Soil Temp,?C,2023-06-23 13:00:00,2024-09-24 10:00:00
Willow-BowronWx,PGTIS2,WillowBowron PGTIS 2,53.772577,-122.724634,596,Rain,mm,2007-07-31 15:00:00,2024-10-24 09:00:00
Willow-BowronWx,PGTIS2,WillowBowron PGTIS 2,53.772577,-122.724634,596,Pressure,mbar,2007-07-31 15:00:00,2024-10-24 09:00:00
Willow-BowronWx,PGTIS2,WillowBowron PGTIS 2,53.772577,-122.724634,596,Temp,°C,2007-07-31 15:00:00,2024-10-24 09:00:00
Willow-BowronWx,PGTIS2,WillowBowron PGTIS 2,53.772577,-122.724634,596,RH,%,2007-07-31 15:00:00,2024-10-24 09:00:00
Willow-BowronWx,PGTIS2,WillowBowron PGTIS 2,53.772577,-122.724634,596,DewPt,°C,2007-07-31 15:00:00,2024-10-24 09:00:00
Willow-BowronWx,PGTIS2,WillowBowron PGTIS 2,53.772577,-122.724634,596,Wind Speed,m/s,2007-07-31 15:00:00,2024-10-24 09:00:00
Willow-BowronWx,PGTIS2,WillowBowron PGTIS 2,53.772577,-122.724634,596,Gust Speed,m/s,2007-07-31 15:00:00,2024-10-24 09:00:00
Willow-BowronWx,PGTIS2,WillowBowron PGTIS 2,53.772577,-122.724634,596,Wind Direction,ø,2007-07-31 15:00:00,2024-10-24 09:00:00
Willow-BowronWx,PGTIS2,WillowBowron PGTIS 2,53.772577,-122.724634,596,Solar Radiation,W/m²,2007-07-31 15:00:00,2024-10-24 09:00:00
Willow-BowronWx,PGTIS2,WillowBowron PGTIS 2,53.772577,-122.724634,596,Wetness,%,2008-06-12 13:00:00,2024-10-24 09:00:00
